SampleID	0	ASDC	B Memory-1	B Memory-2	BMCP-1	BMCP-2	CD4 TCM	CD8 TEM	CLP	Classical-Mono	ERP-1	ERP-2	ERP-3	ERP-4	ERP-5	ERP-6	ERP-7	ERP-8	Erythroblast-1	Erythroblast-2	Erythroblast-3	HSC-1	HSC-2	Intermediate Mono-1	Intermediate Mono-2	Intermediate Mono-3	LMPP-1	LMPP-1-cycling	LMPP-2	MAIT	MDP-1	MDP-2	MDP-3	MDP-4	MDP-5	MDP-6	MEP-1	MEP-2	MEP-Eryth-1	MEP-Eryth-2	MK-Platelet	MKP-early	MKP-late	MPP-1	MPP-2	MPP-MEP	MSC Fibroblast-1	MSC Fibroblast-2	Mac	Mono-1	Mono-2	MultiLin-GMP-1	MultiLin-GMP-2	MultiLin-GMP-3	Multilin-1	Multilin-2	Myeloid intermediate 1	Myeloid intermediate 2	Myeloid intermediate 3	NK-Mature	Non-Classical Mono-1	Non-Classical Mono-2	Osteoblast	Plasma Cell	Pro-B-1	Pro-B-2	Pro-B-3	Pro-B-Early	Pro-B-Early-cycling	Pro-B-cycling-1	Pro-B-cycling-2	Stromal Vascular	T CD4 Activated	T CD4 Naive-1	T CD4 Naive-2	T CD8 Naive	Transitional-B-1	Transitional-B-2	cDC1	cDC2-1	cDC2-2	cMOP	immNeu-1	immNeu-2	pDC	pre-B	pre-DC-1	pre-DC-2	pre-DC-3	preNeu
3v2:GSM3901485	0	0	14	0	30	3	0	1	114	0	136	39	4	18	4	1	1	0	0	0	0	488	2751	11	2	2	500	724	428	0	15	77	14	20	5	15	106	126	35	70	0	27	4	2360	382	691	3	0	1	0	1	176	435	130	554	265	94	117	32	1	0	1	1	1	119	2	1013	20	20	95	171	0	1	1	0	0	15	22	3	0	1	0	36	0	4	2	0	11	0	298
3v2:GSM3901486	0	0	13	0	21	6	0	1	115	0	128	44	6	17	3	2	1	0	0	0	0	750	2510	9	2	1	535	559	371	1	18	80	15	20	4	13	111	120	35	61	0	25	4	2132	487	610	1	0	0	0	1	150	465	128	506	252	101	105	29	1	0	1	0	0	121	5	991	24	23	84	171	1	0	1	0	0	15	17	1	0	2	0	55	0	6	2	0	10	0	288
3v2:GSM3901487	0	0	0	0	53	2	0	0	37	0	188	79	3	36	3	13	0	0	0	0	0	78	1253	0	0	1	258	176	131	0	28	59	27	19	2	7	51	149	19	19	0	19	2	667	205	669	0	0	0	2	0	55	207	31	132	71	21	36	13	0	0	0	0	0	59	49	147	25	13	60	77	0	0	0	0	0	8	7	0	0	0	1	12	0	1	1	0	2	1	132
3v2:GSM3901488	0	1	0	0	50	3	0	0	115	0	251	102	32	74	19	51	7	1	0	0	0	24	201	1	0	0	499	149	135	0	25	106	33	24	9	18	104	197	32	51	0	41	1	519	242	604	0	0	0	6	0	33	316	78	210	98	81	82	64	0	0	0	0	0	41	21	26	32	12	93	47	0	0	0	0	0	10	4	27	1	0	8	76	0	4	0	4	7	2	272
3v2:GSM4874417	0	1	38	38	3	0	81	54	3	29	1	2	0	1	2	4	3	7	1	1	0	0	0	6	43	8	4	4	0	38	0	3	1	0	0	0	1	2	1	0	0	0	1	7	0	2	0	0	0	3	11	0	3	1	2	0	0	3	0	154	0	8	0	19	1	2	4	0	0	0	1	0	0	342	33	149	2	0	4	6	2	0	0	0	6	16	2	1	4	5
3v3:adult_bone_marrow_1	0	19	1	0	104	19	0	0	106	1	221	100	1	155	124	88	105	31	0	0	0	18	615	4	2	2	115	239	102	0	41	51	87	27	14	35	88	352	82	55	0	70	0	695	35	469	2	0	0	60	13	118	199	61	136	51	160	86	121	0	0	0	0	0	13	0	31	18	14	8	4	0	0	0	0	0	0	1	57	14	2	44	108	4	70	0	25	21	15	365
CCHMC:0018_Af_N1c	0	0	184	1	11	0	126	56	0	0	0	0	0	0	0	0	0	4	2	0	11	1	4	10	0	88	2	1	23	31	69	5	0	0	0	0	3	75	0	2	0	1	0	1	1	72	1	0	0	25	32	1107	2	0	1	0	7	7	8	53	1	12	0	0	0	0	0	0	0	0	0	0	15	29	0	3	0	0	21	0	1	0	14	10	0	0	0	1	0	13
CCHMC:0316_E_N1c	0	0	113	0	7	0	79	31	0	4	1	0	0	0	0	0	0	3	1	0	2	0	14	4	0	5	7	5	10	6	6	0	0	0	0	0	4	216	1	4	0	6	0	1	0	189	0	0	0	4	3	6344	4	0	2	0	7	0	0	0	0	0	0	2	0	0	0	0	0	0	0	0	43	107	0	4	0	0	1	2	0	0	7	3	0	1	0	0	0	34
CCHMC:0817_E_N1c	0	0	160	2	1	0	127	34	0	3	0	0	0	0	0	0	0	0	0	0	0	0	0	554	350	3159	0	1	34	39	143	20	0	0	0	0	0	4	0	0	0	1	0	1	0	36	0	0	0	297	449	4185	0	1	2	0	15	13	150	25	0	407	0	1	0	0	0	0	0	0	0	0	8	106	0	1	0	0	237	166	219	14	2	1	0	0	0	7	9	9
CCHMC:1009_AfInv16_29M	0	1	27	2	28	0	53	32	0	24	0	0	0	0	0	0	0	0	2	0	0	0	3	1019	58	1178	4	67	50	26	85	39	1	0	0	2	2	13	1	3	0	0	0	2	2	203	0	0	0	381	416	1319	10	2	7	0	31	144	92	6	1	252	0	1	0	0	0	0	0	0	0	0	24	34	0	11	0	0	178	147	381	36	4	2	2	0	1	41	4	40
CCHMC:1036_EInv16_22M	0	0	11	3	8	0	31	26	0	313	0	0	0	0	0	0	0	0	0	0	1	0	1	2882	183	1085	107	745	72	11	11	81	10	0	0	0	4	1	0	3	0	0	0	19	15	766	0	0	0	254	292	922	225	40	65	6	103	110	136	26	11	135	0	2	0	0	0	0	0	0	0	0	0	27	0	11	0	0	114	79	39	52	13	13	4	0	0	6	0	115
CCHMC:1060_EInv16_19M	0	4	36	1	45	1	29	7	5	24	0	0	0	0	0	0	0	1	0	0	0	0	0	900	27	858	3	79	323	22	46	56	1	0	0	0	29	10	1	3	0	0	0	0	0	718	0	0	0	113	177	4519	105	20	102	1	50	79	49	16	1	114	0	5	0	0	0	0	0	0	0	0	24	45	0	28	0	0	72	41	81	16	1	2	4	0	1	5	3	29
CCHMC:1076_AfInv16_51M	0	0	16	0	65	0	144	138	1	13	1	0	0	0	0	1	0	18	9	1	2	5	13	783	76	619	3	144	293	125	34	41	9	0	0	2	8	102	1	11	0	0	0	27	3	543	0	0	0	373	168	6793	88	3	11	0	87	101	107	27	0	72	0	36	0	0	0	0	0	0	0	0	20	11	0	2	0	0	108	131	334	10	3	2	28	0	6	8	18	59
CCHMC:1102_E_N1c	0	0	918	41	2	0	1562	150	0	1	0	0	0	0	0	0	0	0	0	0	0	0	0	279	91	38	1	22	29	176	10	11	0	0	0	0	1	25	0	0	1	2	1	0	1	268	0	0	0	3	5	1340	8	0	0	2	0	7	0	338	0	325	0	35	0	0	2	0	0	3	0	0	799	3184	22	800	0	0	11	1	3	0	0	0	0	0	0	1	1	5
CCHMC:1147_EInv16_44M	0	2	23	0	55	0	29	10	0	50	0	1	0	0	3	3	1	2	0	0	0	4	2	196	19	449	27	146	140	5	132	95	33	2	1	4	23	18	1	6	0	0	0	4	4	330	0	0	0	259	334	2701	411	120	169	9	241	199	110	8	3	22	0	2	0	0	0	0	1	0	0	0	14	15	0	3	0	1	97	53	108	67	68	22	12	0	0	39	2	252
CCHMC:1239_EST8_44M_N1c	0	2	19	0	46	7	27	29	0	1	6	1	1	0	0	0	1	0	2	0	0	86	0	42	13	443	16	100	208	0	113	331	2	0	0	3	37	527	1	30	0	45	4	0	2	281	0	0	0	136	108	3481	133	41	108	21	67	90	50	2	0	47	0	4	0	0	0	0	0	0	0	0	12	0	0	0	0	0	337	43	71	6	60	24	2	0	11	81	19	126
CCHMC:143_AfST8_P64M	0	0	8	1	13	0	55	27	0	23	0	0	0	1	1	0	2	0	0	0	2	0	0	47	7	447	1	12	33	45	4	5	1	0	0	0	126	10	3	10	0	0	0	3	0	1218	1	1	0	86	223	3347	7	2	4	1	339	6	81	15	2	4	0	7	0	0	0	0	0	0	0	1	7	13	0	0	0	0	95	9	2	95	162	15	1	0	1	43	1	156
CCHMC:1702-Et922-66F	0	6	77	13	306	0	185	135	0	28	4	0	0	0	0	0	1	5	2	1	15	3	7	334	24	577	138	383	58	15	37	42	2	0	0	1	141	648	3	38	0	10	8	26	21	2910	1	0	0	12	35	3063	109	18	25	2	109	34	64	10	1	27	0	9	0	0	0	0	0	0	0	0	54	62	0	5	0	0	117	125	72	8	15	3	2	0	18	51	14	109
CCHMC:171_Af_N1c	0	0	61	0	88	1	111	30	1	0	0	0	0	0	0	0	0	0	0	0	0	23	18	16	0	7	2	5	159	26	909	0	0	0	0	0	4	38	0	4	0	0	0	22	0	516	0	0	0	37	3	6433	1	0	0	0	55	1	29	19	0	28	0	0	0	0	1	0	0	0	0	0	43	79	0	2	0	0	5	3	3	21	0	10	1	0	0	0	0	2
CCHMC:1744_E_N1c	0	0	276	10	40	0	276	204	1	0	1	0	1	0	0	0	0	0	0	0	0	0	1	3	0	15	0	2	431	89	823	10	0	0	0	1	0	15	1	2	0	1	0	3	0	689	0	0	0	6	1	6831	3	0	1	0	7	4	45	302	0	114	0	12	0	0	0	0	0	0	0	0	6	242	0	27	0	0	69	3	26	0	0	0	0	0	0	0	0	11
CCHMC:1782_Aft36_P71F	0	0	5	0	25	0	132	13	0	4	15	2	1	3	0	0	0	0	0	0	5	4	0	137	68	48	34	1629	3364	24	54	8	0	0	0	0	139	308	4	15	1	2	2	185	336	1197	0	0	0	4	16	1235	65	17	735	4	42	26	45	20	0	91	0	4	0	0	1	0	2	0	0	0	39	4	0	0	0	0	8	4	26	5	1	2	1	0	1	5	1	40
CCHMC:1827_Af_N1c	0	0	374	9	0	0	1112	609	0	0	54	38	1	46	1	11	0	36	31	5	65	2	21	0	0	3	0	0	977	267	337	2	0	0	0	0	48	52	10	32	1	1	0	5	0	515	0	0	0	1	0	2745	0	0	54	0	2	4	2	130	0	0	0	57	0	0	1	0	0	4	0	0	355	237	0	4	0	0	8	2	9	0	0	0	2	3	0	2	0	1
CCHMC:1893_Af_N1c	0	0	464	1	43	0	182	16	24	0	2	0	0	0	0	0	0	0	0	0	0	9	2	248	0	178	1	13	1100	7	584	11	0	0	0	1	4	135	0	10	0	0	0	13	2	1078	0	0	0	1	8	11734	0	0	3	0	1	7	2	8	0	185	0	4	0	0	4	1	0	0	0	0	167	258	0	7	0	0	11	1	59	0	0	2	0	1	0	0	0	15
CCHMC:1906_Aft82_P36M	0	0	25	1	129	0	103	92	41	0	0	0	0	0	0	0	1	1	1	0	2	0	8	7	0	35	0	40	213	90	15	1	0	0	0	0	12	23	7	19	0	1	0	2	0	588	0	0	0	46	2	3963	51	9	46	3	365	3	190	44	0	5	0	8	1	0	227	2	7	10	9	0	32	63	0	25	0	1	2	0	1	18	18	4	0	6	0	1	0	684
CCHMC:2140_E_N1c	0	0	73	1	3	0	101	65	0	0	0	0	0	0	0	0	0	0	0	0	2	0	0	915	107	2067	0	1	6	45	42	17	0	0	0	0	1	10	0	0	0	0	2	0	0	21	0	0	0	28	314	1512	0	0	2	0	0	21	2	32	0	508	0	1	0	0	0	0	0	0	0	0	75	61	0	3	0	0	209	85	104	0	1	0	0	0	1	44	1	1
CCHMC:2270_Aft36_P71F	0	9	3	0	54	0	713	82	0	15	64	15	5	11	2	2	1	4	0	0	0	4	18	500	150	190	268	718	302	116	61	53	7	0	1	2	91	557	9	58	19	71	13	664	137	1291	0	0	0	30	67	751	278	41	163	63	46	91	50	151	4	265	0	16	1	0	0	0	0	1	0	0	70	114	1	5	0	0	69	22	108	7	8	16	18	1	5	23	20	83
CCHMC:2660_Ast82_38M	0	0	157	9	248	0	296	232	12	0	0	0	0	0	0	0	0	2	2	2	2	0	0	40	1	53	3	40	41	162	16	29	0	0	0	1	174	102	4	43	0	0	0	0	0	1074	0	0	0	82	7	1768	181	51	116	0	34	81	101	415	0	9	0	17	2	0	3	1	0	4	0	0	208	450	1	133	0	5	39	20	44	15	0	0	0	0	0	30	5	255
CCHMC:2698_EInv16_P47M	0	2	102	2	20	0	63	56	3	9	0	0	0	0	0	0	0	4	2	0	3	0	0	1525	159	325	2	73	424	29	214	204	0	0	0	0	4	13	0	3	0	0	0	0	1	325	0	0	0	112	116	4156	30	0	20	5	18	70	37	37	0	104	0	4	0	0	1	0	0	0	0	0	23	105	0	7	0	0	256	91	406	12	0	0	0	1	0	18	10	31
CCHMC:2853_Aft36_P71F	0	0	6	2	70	0	805	88	1	17	104	19	1	7	1	14	0	6	0	1	3	1	57	330	55	132	171	527	124	148	28	23	2	0	1	2	165	742	24	16	17	143	33	781	265	1082	0	0	0	42	96	144	121	20	156	29	46	77	79	167	11	189	0	19	0	0	0	0	0	3	0	0	94	267	0	15	0	0	50	35	58	8	2	10	0	0	8	16	16	52
CCHMC:287_AfInv_P53F_N1c	0	0	23	2	72	1	22	21	0	3	0	0	0	0	0	0	0	0	0	0	0	0	1	190	264	1297	1	21	232	34	41	109	0	0	0	0	34	52	0	2	0	3	0	0	1	291	0	0	0	19	116	1955	7	4	16	4	0	11	8	43	0	144	0	4	0	0	0	0	0	0	0	0	1	6	0	2	0	0	417	140	170	10	5	6	0	0	10	50	18	31
CCHMC:301_AfInv16_29M	0	105	55	3	69	0	132	35	2	6	1	0	0	0	0	0	0	1	0	0	0	0	0	839	61	632	14	36	195	30	234	168	160	8	9	30	1	5	0	1	0	0	0	0	2	272	0	0	0	158	260	4316	94	2	24	6	12	202	26	11	0	41	0	13	0	0	0	0	0	0	0	0	17	46	2	8	0	0	362	233	1445	12	5	0	282	0	20	151	39	33
CCHMC:3114_EInv_45F	0	8	166	7	79	0	610	204	6	5	0	0	0	0	0	0	0	2	1	2	0	0	8	1168	492	1150	21	204	355	197	59	74	9	0	0	1	22	31	2	7	0	0	0	10	8	478	2	0	0	99	229	3228	121	13	93	2	12	119	33	179	2	208	0	15	0	0	1	0	0	0	0	0	312	153	1	33	0	0	146	220	930	16	7	0	16	1	2	60	25	65
CCHMC:3410_AfST8_P64M	0	0	66	2	10	0	1311	161	2	4	6	2	0	3	0	1	2	8	6	0	16	1	0	17	1	449	6	235	562	301	25	13	1	0	0	0	165	67	131	69	0	1	0	84	15	6570	1	0	0	37	31	4572	1	1	27	0	413	0	120	357	0	45	0	6	0	0	5	0	0	0	3	2	92	359	10	41	1	0	7	1	6	55	9	5	12	6	0	5	0	109
CCHMC:376_Af_N1c	0	0	505	17	0	0	83	25	2	3	0	0	0	0	0	0	0	0	0	0	0	0	2	1413	129	1200	4	39	722	16	110	22	0	0	0	0	10	65	0	3	0	0	0	2	0	1534	0	0	0	27	29	2996	13	2	27	0	0	19	39	126	0	1647	0	0	0	0	0	0	0	0	0	0	6	186	0	1	0	0	105	36	36	0	0	0	0	0	0	3	0	6
CCHMC:4440_AfInv16_P24M	0	8	22	2	33	0	216	52	1	56	0	0	1	2	0	1	7	21	6	0	0	0	0	360	35	282	62	86	102	95	219	191	64	2	4	6	6	24	0	4	0	0	0	2	0	68	0	0	0	172	308	1157	185	11	35	15	26	121	40	75	1	31	0	25	0	0	1	0	0	2	3	0	48	13	0	5	10	3	75	91	115	10	4	0	108	13	2	29	6	101
CCHMC:4924_AfInv16_P49M	0	10	9	0	869	3	151	6	7	0	2	0	0	0	0	0	0	0	0	0	0	0	1	888	74	45	31	224	99	30	75	0	0	1	0	0	7	2539	2	56	0	1	0	8	16	1576	0	0	0	1	0	1541	30	5	11	2	0	5	3	34	0	155	0	0	0	0	25	0	0	0	0	0	54	60	1	4	0	0	0	7	258	0	1	0	29	0	0	3	2	7
CCHMC:5381v2_AfInv16_P49M	0	60	31	2	76	0	82	26	5	27	1	0	0	0	0	0	0	0	0	0	0	0	0	1103	237	492	7	95	49	37	11	30	14	9	5	8	19	53	1	1	0	0	0	1	3	233	0	0	0	62	185	1525	51	12	31	1	6	71	12	10	0	63	0	4	0	0	0	0	0	0	0	0	68	41	0	5	0	0	87	135	935	6	3	0	87	0	11	64	26	23
CCHMC:550_EInv16_38M	0	37	45	18	34	0	137	52	0	319	0	0	0	0	0	0	0	1	1	1	0	0	0	1436	518	1111	9	167	51	36	44	154	75	2	1	1	24	2	0	0	0	0	0	0	0	730	0	0	0	177	532	909	359	38	86	17	24	207	55	35	3	41	1	5	0	0	0	0	0	0	0	0	15	66	0	10	0	0	232	305	343	57	6	4	38	0	10	83	45	103
CCHMC:562_AfInv16_25F	0	30	117	6	0	0	108	19	1	195	1	0	0	0	0	0	0	0	0	0	0	0	0	3220	450	1217	0	11	55	15	72	123	64	8	2	8	1	2	0	0	0	0	0	0	0	23	0	0	0	36	169	433	9	2	16	4	5	50	16	17	1	254	0	2	0	0	0	0	0	1	0	0	12	86	0	15	0	0	281	150	985	9	1	0	60	0	5	61	35	4
CCHMC:568_AfInv16_P24M	0	60	12	0	84	0	75	8	2	218	0	0	0	0	0	0	0	0	0	0	0	0	1	877	185	1023	95	453	293	17	254	220	173	8	7	19	12	46	0	4	0	0	0	3	7	694	0	0	0	285	483	2710	328	40	108	34	69	196	92	48	2	57	0	30	0	0	1	0	1	0	0	0	3	26	0	14	0	0	169	219	421	75	29	7	439	0	20	60	30	98
CCHMC:596_E_N1c	0	0	35	2	3	0	84	111	0	2	1	0	0	0	0	0	1	2	1	0	3	1	2	9	7	414	0	16	310	46	566	253	33	3	1	9	8	12	2	1	0	4	0	1	0	266	0	0	0	190	219	7112	5	3	36	1	23	222	98	60	0	17	1	20	0	0	0	0	0	0	0	1	4	28	0	7	0	0	513	213	29	6	3	6	102	0	11	143	5	62
CCHMC:727_EInv16_35M	0	1	4	3	15	0	46	23	0	0	0	0	0	0	0	0	0	1	0	0	0	0	1	1262	198	1323	1	31	17	31	99	124	24	0	0	3	16	3	0	5	0	0	0	1	0	82	1	0	0	227	263	227	68	43	43	0	6	196	41	25	0	237	0	5	0	0	0	0	0	0	0	0	5	27	0	14	0	0	289	104	279	27	0	0	4	0	1	135	24	96
CCHMC:754_EInv16_47M	0	0	13	1	16	0	18	3	0	2	0	0	0	0	0	0	0	0	0	0	3	0	1	524	1	292	1	18	30	0	4	10	2	0	0	0	1	4	0	0	0	0	0	0	0	117	0	0	0	160	148	2490	42	4	8	1	59	54	66	5	0	51	0	0	0	0	0	0	0	0	0	0	3	2	0	0	0	0	11	3	21	12	0	0	0	0	0	1	0	35
CCHMC:98-31_AfInv16_34F	0	1	90	4	3	0	13	7	0	51	0	0	0	0	0	0	0	0	0	0	2	0	0	1328	480	1598	0	0	1	18	8	4	0	0	0	0	1	4	0	1	0	0	0	0	0	6	0	0	0	73	155	417	3	0	0	0	1	39	20	4	0	321	0	1	0	0	0	0	0	0	0	0	8	6	0	5	0	0	74	338	502	3	0	0	0	0	4	16	27	11
CCHMC:AM72	0	82	26	2	445	11	163	252	99	628	872	509	92	630	323	399	352	163	17	2	87	69	1264	1360	175	305	91	507	78	166	160	139	165	73	73	179	277	785	270	328	1	258	10	742	59	927	2	0	44	215	525	1136	318	118	218	70	446	284	401	110	1404	66	627	82	51	2	361	18	12	42	55	64	11	127	0	60	8	0	144	304	129	181	1057	638	1273	1	204	97	81	1004
CCHMC:AML-12_CCHMC	0	0	64	28	595	1	73	40	0	845	0	0	0	1	0	0	0	0	0	0	18	1	3	4484	1395	1499	0	5	179	14	133	38	0	0	0	0	15	22	0	1	0	0	0	2	0	3760	0	0	0	72	352	5523	6	0	3	2	103	24	429	127	1	531	0	4	0	0	0	0	0	0	0	0	0	134	4	4	0	0	68	8	2	21	3	6	0	0	0	2	3	105
CCHMC:AML-14_CCHMC	0	0	5	9	37	0	30	1	1	60	0	0	0	0	0	0	0	0	0	0	0	0	0	1025	304	1122	12	279	65	11	3	54	4	0	0	0	198	52	1	8	0	0	1	0	0	520	0	0	0	205	274	1631	209	119	221	10	99	172	155	31	2	188	0	5	0	0	0	0	0	0	0	0	1	61	7	41	0	0	100	112	81	116	7	9	0	0	1	29	3	105
CCHMC:AML-7_CCHMC	0	0	291	517	1	0	83	108	0	368	1	0	1	1	0	0	0	0	0	0	1	1	0	373	1621	1994	54	917	1413	12	139	2047	0	0	0	0	289	28	3	49	0	4	0	1	0	2063	0	0	0	64	246	1561	195	58	478	468	4	449	20	204	0	1576	0	2	0	0	0	0	0	0	0	0	0	137	22	2	0	0	346	174	8	19	0	0	0	0	4	84	16	0
CCHMC:BF21	0	162	148	8	270	12	809	444	891	409	558	364	33	330	191	166	245	113	39	21	122	5	395	513	88	230	263	270	307	401	158	112	258	143	103	201	130	637	127	220	4	285	45	663	84	765	130	58	1	231	310	99	233	77	263	138	334	289	339	226	68	38	58	54	449	5	1320	229	71	349	345	126	137	1776	0	648	371	2	282	323	103	131	519	378	1095	180	271	210	190	524
CCHMC:BF32	0	450	990	32	1771	50	743	305	1947	126	2418	1177	144	1462	2911	1394	2193	499	56	21	323	560	163	1439	477	358	985	3652	1135	253	567	746	856	252	258	1083	1015	3312	1466	2516	11	1949	291	5023	71	4083	1342	680	13	1024	559	1362	2118	745	2283	521	2221	1569	1901	606	12	152	161	75	1853	7	8990	837	271	2434	2129	445	1250	1742	97	673	2152	193	978	1076	417	762	4639	177	3777	870	866	976	767	4682
CCHMC:BF71	0	9	478	12	137	0	1779	1684	200	224	339	163	16	107	31	48	31	20	3	1	11	259	2051	70	7	164	128	509	134	350	69	152	104	47	20	57	115	508	47	134	1	68	0	751	62	989	0	0	3	32	102	369	263	58	155	162	155	140	131	465	3	7	15	45	327	36	1238	76	24	179	202	1	74	2165	40	574	69	0	30	66	22	16	122	6	270	144	14	27	15	571
CCHMC:BM27	0	116	88	3	374	64	242	124	650	361	424	186	40	209	146	158	197	47	4	2	114	191	157	860	159	172	365	557	264	36	97	147	259	104	87	288	129	564	165	153	13	210	34	1232	69	737	28	0	2	287	323	82	362	134	361	168	490	502	454	453	1213	207	7	26	361	13	1097	184	72	331	230	13	202	1311	15	364	299	22	230	277	141	145	414	339	651	210	223	169	213	636
CCHMC:BM32	0	528	735	62	786	38	1130	603	1245	269	1981	804	138	1204	1674	1204	1211	404	178	31	209	548	565	2253	314	462	633	2288	1043	286	362	379	689	142	170	700	599	2529	1118	2036	46	1275	338	4782	58	2643	403	218	141	1076	755	1061	1041	667	1189	302	1371	1599	2664	1451	9	122	70	116	1222	20	5491	551	169	1313	1223	244	1001	2118	62	1022	1187	103	748	1467	1041	654	1981	70	3252	461	839	719	841	3371
CCHMC:WF26	0	86	58	1	392	5	160	169	335	220	555	456	98	396	275	486	303	245	33	11	33	1	357	503	137	97	445	556	125	117	126	224	234	180	100	154	238	512	161	229	1	127	8	428	193	672	27	6	12	319	345	149	653	260	558	276	659	500	629	155	117	81	12	44	329	7	1062	136	66	214	258	24	65	800	0	279	389	1	237	241	44	437	1179	308	669	67	304	191	125	1105
CCHMC:WF32	0	652	478	142	1766	79	742	727	1428	46	3249	972	131	1740	2200	1902	1698	472	66	8	128	231	294	398	41	160	1082	3181	1141	755	730	971	1103	265	238	1349	635	3101	1850	1972	13	745	87	4741	83	3695	265	160	72	1080	571	1366	2186	722	2182	757	2380	1868	2041	890	5	51	72	48	363	1	2224	293	84	484	341	155	980	1701	32	572	162	65	1242	996	801	691	4743	175	3030	28	777	848	959	4931
CCHMC:WF83	0	53	80	5	498	8	398	429	143	1590	398	238	55	282	166	209	282	189	27	5	26	35	405	1936	548	507	113	374	161	202	99	113	132	70	58	205	108	366	140	172	0	97	3	491	35	521	4	0	33	264	870	667	201	69	268	103	417	299	404	224	728	106	430	57	51	4	176	31	15	52	54	15	10	211	5	53	61	0	119	329	310	302	1171	899	1736	65	251	145	118	680
CCHMC:WM22	0	540	377	30	1993	259	225	442	1952	40	2648	776	90	1835	1680	1402	1114	456	40	6	83	765	387	499	34	452	1026	4455	1610	730	516	883	1013	214	172	821	596	3091	1226	2233	11	1073	242	7407	70	4445	237	82	113	2141	1997	1906	2448	586	2144	574	3281	2330	2907	1262	4	63	55	46	1365	1	6522	827	199	1207	1352	102	306	1742	31	494	531	183	1136	1409	867	1351	3625	206	2685	157	733	935	851	5301
CCHMC:WM34	0	168	67	11	235	17	179	256	430	191	118	69	32	117	166	167	190	109	15	5	34	274	21	719	34	130	185	517	170	137	79	92	151	48	48	119	94	329	76	117	9	132	27	857	33	485	49	9	162	343	366	200	300	143	331	101	569	247	262	622	250	81	25	53	235	4	1188	185	67	261	180	58	874	96	1	88	299	299	119	308	357	253	938	515	601	194	166	98	215	746
CCHMC:WM72	0	37	49	0	128	3	191	161	126	193	374	147	24	183	52	108	46	46	9	5	75	18	705	719	28	238	40	298	73	32	58	27	74	38	19	51	97	603	87	144	0	102	0	358	20	562	17	3	0	34	174	682	138	41	85	31	70	38	57	61	363	47	101	5	375	13	1224	62	18	321	313	186	74	56	1	9	125	12	12	65	70	22	109	113	365	171	17	13	31	291
Colorado:AML-01	0	0	22	16	84	0	33	8	0	1	27	38	4	5	16	0	0	0	3	0	14	0	0	20	89	74	56	119	3	24	6	182	0	0	0	0	117	1013	37	216	0	0	0	0	0	1704	0	0	0	13	3	622	969	52	168	49	22	360	156	13	1	60	0	3	0	0	0	0	0	0	0	0	0	73	3	13	0	0	18	5	2	26	0	1	0	0	0	36	0	5
Colorado:AML-02	0	0	254	60	0	0	55	62	6	20	1	0	0	0	1	0	0	0	0	0	0	0	0	6	0	148	8	75	36	10	70	313	0	0	0	0	1563	288	2	530	0	1	0	0	0	2239	0	0	0	56	133	555	559	78	414	8	0	577	103	144	0	32	0	5	0	0	0	0	0	0	0	0	0	63	0	7	0	0	8	1	0	22	0	1	0	2	0	375	0	3
Colorado:AML-03	0	0	0	0	5	0	1	0	0	9	0	2	1	1	0	0	0	0	2	0	11	0	0	3	14	47	7	2131	2191	0	16	409	0	0	0	0	57	5	1	9	0	3	2	156	7	309	0	0	0	0	1	314	10	11	739	136	0	9	1	1	0	3	0	0	0	0	0	0	0	0	0	0	0	1	0	0	0	0	8	1	0	0	0	0	0	0	0	11	1	8
Colorado:AML-04	0	0	17	28	28	0	36	24	0	2	2	0	0	0	0	1	0	1	2	0	36	0	0	14	12	138	5	530	957	9	14	610	0	0	0	0	10	60	1	0	0	3	4	7	1	2155	0	0	0	14	22	1567	19	9	100	32	4	66	52	31	0	64	0	2	0	0	0	0	0	0	0	0	0	35	0	0	0	0	82	9	1	4	0	0	0	0	0	17	1	9
Colorado:AML-05	1	0	0	0	0	0	0	0	0	0	0	0	0	0	0	0	0	0	0	0	0	0	0	0	0	0	0	0	0	0	0	0	0	0	0	0	0	0	0	0	0	0	0	0	0	0	0	0	0	0	0	0	0	0	0	0	0	0	0	0	0	0	0	0	0	0	0	0	0	0	0	0	0	0	0	0	0	0	0	0	0	0	0	0	0	0	0	0	0	0
Colorado:AML-06	1	0	0	0	0	0	0	0	0	0	0	0	0	0	0	0	0	0	0	0	0	0	0	0	0	0	0	0	0	0	0	0	0	0	0	0	0	0	0	0	0	0	0	0	0	0	0	0	0	0	0	0	0	0	0	0	0	0	0	0	0	0	0	0	0	0	0	0	0	0	0	0	0	0	0	0	0	0	0	0	0	0	0	0	0	0	0	0	0	0
Colorado:AML-07	0	0	309	405	1	0	61	116	0	59	0	0	0	0	0	0	0	0	2	1	2	0	0	108	572	704	4	441	622	15	72	817	0	0	0	1	198	22	5	25	2	1	0	0	0	1236	0	0	0	15	43	338	11	8	312	223	0	150	14	144	0	554	0	2	0	0	0	0	0	0	0	0	0	92	3	8	0	0	192	50	2	10	0	0	1	0	2	64	3	0
Colorado:AML-08	0	15	20	10	1	0	370	19	5	36	0	0	0	0	0	0	0	0	0	0	13	1	1	44	201	519	0	56	617	54	1887	29	10	0	0	0	10	17	0	16	0	1	0	0	0	128	0	0	0	3	35	19	2	0	26	160	0	21	1	285	0	43	0	10	0	0	1	1	0	1	0	0	0	502	1	5	0	0	398	109	312	0	0	0	42	0	10	43	311	0
Colorado:AML-09	0	0	59	4	8	0	15	13	0	70	0	0	0	0	0	0	0	0	0	0	7	0	0	110	148	879	21	1615	1127	29	2	578	0	0	0	0	12	81	0	0	0	2	0	0	0	804	0	0	0	18	22	290	88	17	76	182	5	66	17	140	0	35	0	1	0	0	0	0	0	0	0	0	0	27	0	3	0	0	23	6	0	4	2	21	0	0	0	5	0	33
Colorado:AML-10	0	0	70	3	3	0	97	142	1	113	0	1	0	0	0	0	0	0	0	2	11	0	0	134	295	1978	126	1492	963	75	11	635	4	0	0	0	48	88	0	6	0	7	2	8	1	1195	0	0	0	13	91	585	307	91	510	704	43	391	109	436	0	253	0	0	0	0	1	0	0	0	0	0	0	63	1	8	0	0	27	12	1	32	4	7	3	0	0	168	0	132
Colorado:AML-11	1	0	0	0	0	0	0	0	0	0	0	0	0	0	0	0	0	0	0	0	0	0	0	0	0	0	0	0	0	0	0	0	0	0	0	0	0	0	0	0	0	0	0	0	0	0	0	0	0	0	0	0	0	0	0	0	0	0	0	0	0	0	0	0	0	0	0	0	0	0	0	0	0	0	0	0	0	0	0	0	0	0	0	0	0	0	0	0	0	0
Colorado:AML-12	0	0	7	2	0	0	12	8	4	2	0	0	0	0	0	0	0	0	0	0	0	0	0	144	67	260	1	134	1802	4	44	43	0	0	0	0	37	50	0	2	0	0	0	5	0	1497	0	0	0	0	11	343	0	0	47	7	0	20	0	33	0	125	0	1	0	0	0	1	0	0	0	0	0	27	0	1	0	0	147	37	15	0	0	0	0	0	0	0	3	1
Colorado:AML-13	0	0	25	26	157	0	20	4	1	196	0	0	0	0	0	0	0	0	0	0	0	0	0	1170	170	319	0	1	99	1	57	17	0	0	0	0	6	6	0	0	0	0	0	2	0	2617	0	0	0	27	135	1981	0	0	2	0	21	13	255	10	0	90	0	1	0	0	0	0	0	0	0	0	0	10	0	1	0	0	32	0	1	7	0	3	0	0	0	5	0	16
Colorado:AML-14	0	2	66	15	45	0	60	8	0	58	0	0	0	0	0	0	0	0	0	2	0	0	0	766	398	1246	3	639	73	40	13	90	13	0	0	0	238	130	1	16	0	0	0	2	0	1005	0	0	0	154	207	1205	226	151	400	6	82	184	133	44	1	107	0	1	0	0	0	0	0	0	0	0	0	114	4	71	0	0	113	93	39	95	2	5	1	0	0	46	6	119
Colorado:AML-15	1	0	0	0	0	0	0	0	0	0	0	0	0	0	0	0	0	0	0	0	0	0	0	0	0	0	0	0	0	0	0	0	0	0	0	0	0	0	0	0	0	0	0	0	0	0	0	0	0	0	0	0	0	0	0	0	0	0	0	0	0	0	0	0	0	0	0	0	0	0	0	0	0	0	0	0	0	0	0	0	0	0	0	0	0	0	0	0	0	0
Colorado:AML-16	0	0	209	128	0	0	76	49	0	846	0	0	0	0	0	0	0	0	1	0	11	0	0	227	182	1538	0	0	7	19	39	395	0	0	0	0	4	7	1	0	0	6	1	0	0	7	0	0	0	387	3361	377	1	0	25	0	2	759	62	47	0	20	0	4	0	0	0	0	0	0	0	0	0	145	1	29	0	0	534	2	0	20	0	0	0	0	2	393	0	6
Colorado:AML-17	0	0	83	13	1	0	31	6	0	30	0	0	0	0	0	0	0	0	0	0	0	0	0	555	946	1470	1	3	9	8	4	26	3	0	1	0	2	0	0	0	0	1	0	0	0	14	0	0	0	5	121	117	2	0	9	0	0	11	4	50	0	520	0	1	0	0	0	0	0	0	0	0	0	123	1	11	0	0	100	109	58	0	0	0	10	0	0	23	32	3
Colorado:AML-18	0	0	216	62	2	0	76	162	0	46	0	0	0	0	0	0	0	0	0	0	26	0	0	863	2004	2685	0	2	6	75	7	5	0	0	0	0	0	2	0	2	0	2	0	6	0	7	0	0	0	23	242	149	0	0	1	0	2	1	14	203	0	416	0	2	0	0	0	0	0	0	0	0	0	208	4	8	0	0	232	79	4	4	0	0	0	0	0	65	0	1
Colorado:AML-19	0	0	4	4	0	0	38	2	0	61	0	1	0	0	0	0	0	0	0	0	0	0	0	404	250	6380	0	12	67	2	30	78	0	0	0	2	84	32	0	3	0	7	1	0	0	365	0	0	0	118	914	597	0	0	50	0	48	43	99	87	0	42	0	3	0	0	0	0	0	0	0	0	0	58	0	4	0	0	371	108	2	96	8	24	0	0	1	132	1	16
Colorado:AML-20	0	0	136	1	0	0	34	33	0	308	0	0	0	0	0	0	0	0	0	0	10	0	0	465	157	1534	0	3	1	28	1	1	0	0	0	0	3	3	0	0	0	2	0	0	0	28	0	0	0	150	604	386	0	0	1	0	20	32	51	111	0	63	0	0	0	0	0	0	0	0	0	1	0	63	0	16	0	0	31	11	0	43	3	1	0	0	0	36	0	21
Colorado:AML-21	0	2	21	14	22	0	29	5	1	8	1	0	1	0	0	0	0	0	0	0	2	0	0	111	48	208	25	1460	2381	6	42	243	1	0	0	0	29	334	1	10	0	11	4	3	1	699	0	0	0	0	6	116	19	12	564	1583	4	52	17	18	0	17	0	0	0	0	0	0	0	0	0	0	0	37	0	5	0	0	109	46	17	0	0	0	0	0	0	7	2	5
Colorado:AML-22	0	0	13	28	92	0	1	0	0	25	133	43	20	43	15	13	0	10	3	0	0	1	1	61	12	81	6	176	218	0	16	18	2	0	0	0	96	2194	31	158	6	240	72	130	7	1634	0	0	0	0	9	126	1	0	3	8	0	1	0	8	2	45	0	1	0	0	0	0	0	0	1	0	0	14	0	0	0	0	4	1	0	0	0	2	2	0	0	0	0	0
Colorado:AML-23	0	0	132	26	0	0	54	95	0	228	0	0	0	0	0	0	0	0	0	0	0	0	0	60	409	834	0	3	6	70	26	185	0	0	0	0	52	2	0	1	0	1	0	0	0	85	0	0	1	96	666	337	13	13	42	2	393	778	763	148	0	41	0	4	0	0	0	0	0	0	0	0	0	74	0	10	0	0	387	15	0	95	22	11	0	0	4	326	0	251
Colorado:AML-24	0	1	43	39	1	0	58	73	0	368	3	4	0	8	10	1	7	14	15	21	475	0	0	1330	676	1102	13	13	0	26	0	7	1	0	0	1	5	6	3	10	0	1	3	5	1	10	0	0	0	671	673	49	5	1	3	0	69	36	2236	264	2	79	0	3	0	0	0	0	0	1	0	0	0	160	0	19	0	0	55	20	55	881	0	2	11	0	2	28	13	3
Colorado:Pt-12_Dx	0	0	16	10	0	0	25	32	0	44	0	0	0	0	0	0	0	0	0	0	0	0	0	15	81	891	0	346	166	16	0	8	0	1	0	0	0	0	0	0	0	0	0	10	3	527	0	0	0	145	181	22	0	3	3	1	1	13	5	65	1	29	0	1	0	0	0	0	0	0	0	0	0	115	1	9	0	0	37	0	0	14	1	0	0	0	0	10	0	1
Colorado:Pt-12_Rl	0	0	3	1	0	0	107	76	0	0	0	0	2	0	1	0	2	5	4	1	101	0	0	7	4	148	0	2	24	34	5	240	0	0	0	0	0	2	0	4	0	1	1	0	0	0	1	0	0	323	107	159	0	0	3	0	1	602	388	30	0	11	0	2	0	0	0	0	0	0	0	0	16	80	2	7	0	0	102	0	0	28	0	0	0	0	0	39	0	0
Colorado:Pt-16_Dx	0	0	136	5	0	0	358	118	0	38	0	0	0	0	0	0	0	0	13	11	244	0	0	334	14	103	43	79	0	84	0	1	0	0	0	0	2	27	0	0	0	0	0	0	2	784	0	0	0	23	26	3158	72	27	38	0	279	12	872	50	56	11	0	1	0	0	0	0	0	0	0	0	206	360	2	77	0	0	2	0	0	26	47	15	0	0	0	0	0	347
Colorado:Pt-20_Dx	0	0	342	18	10	0	23	5	0	90	0	0	0	0	0	0	0	0	0	0	0	0	0	628	189	645	9	81	5	0	4	5	0	0	0	0	12	305	0	0	0	19	0	2	0	239	0	0	0	1	37	1005	17	13	38	1	7	5	38	41	3	119	0	1	0	0	0	0	0	0	0	0	0	22	1	5	0	0	46	22	41	15	22	128	0	0	0	4	0	302
Colorado:Pt-69_Dx	0	0	297	5	7	0	173	74	0	313	0	0	0	0	0	0	0	0	0	0	16	0	1	163	105	1900	1	29	16	96	5	0	0	0	0	0	4	12	0	1	0	20	4	72	6	101	0	0	0	66	992	97	0	0	2	0	0	16	4	138	0	124	0	25	0	0	0	0	0	1	0	0	406	885	0	180	1	0	5	40	21	30	0	0	0	0	0	78	0	2
Colorado:Pt-69_Rl	0	0	5	0	0	0	175	44	0	46	1	0	0	0	0	0	0	2	4	6	52	0	0	19	4	1127	0	0	0	128	3	2	0	0	0	0	3	6	0	1	0	0	0	2	0	3	0	0	0	104	998	73	0	0	4	0	0	283	4	122	0	12	0	2	0	0	0	0	0	0	0	0	356	843	0	67	0	0	258	17	3	8	0	1	0	0	0	263	0	0
Colorado:Pt-89_Dx	0	0	131	5	71	0	781	84	2	14	30	15	1	1	4	1	5	8	3	0	5	0	2	211	14	56	68	155	47	68	87	31	2	0	0	0	22	295	4	60	0	5	0	3	0	652	0	0	0	0	2	2146	484	24	11	33	6	15	3	295	0	53	0	15	0	0	3	0	0	2	0	0	157	145	5	14	0	0	2	3	8	0	9	1	14	2	0	2	0	9
Columbia:AML1	0	0	1138	39	3	0	14	11	0	168	7	5	5	4	16	5	6	0	0	0	3	444	2146	6103	761	2050	374	1111	341	5	26	181	1	1	0	1	100	159	21	15	0	117	11	222	107	2883	23	4	3	1853	1903	4973	230	54	177	42	8	84	31	6	0	465	1	38	0	0	3	0	0	0	0	1	1	3	1	0	1	0	84	174	725	9	18	0	1	0	126	160	33	259
Columbia:AML10	0	4	8	4	21	0	199	386	7	948	0	1	0	1	2	1	0	4	3	4	50	1	3	373	1994	402	38	99	47	38	5	45	5	0	0	0	128	46	0	2	4	5	1	82	35	168	0	0	1	240	985	341	96	36	105	14	341	21	122	762	60	82	1	7	5	2	1	1	1	2	3	0	26	81	5	9	2	0	45	89	271	302	168	48	11	1	34	78	23	129
Columbia:AML11	0	0	56	2	22	4	59	78	0	6	0	0	0	0	1	0	0	0	4	1	41	3	1	29	85	127	43	40	0	19	8	44	0	0	0	0	3	4	1	1	0	0	0	0	0	2199	1	0	0	36	36	4619	3028	218	261	3	3	245	39	42	0	11	0	9	0	0	0	0	0	0	0	0	38	50	20	4	0	0	86	77	68	2	0	0	1	0	32	70	8	105
Columbia:AML12	0	0	16	8	6	0	47	57	0	17	2	0	0	0	0	0	0	3	2	3	109	1	1	17	42	20	31	207	36	56	13	230	0	0	0	0	2	159	0	25	0	0	2	1	2	6865	0	0	0	6	1	1926	291	13	8	117	55	47	71	89	0	88	0	0	0	0	0	0	0	0	0	0	3	53	2	17	0	0	3	0	0	0	161	0	0	0	0	0	0	653
Columbia:AML13	0	18	11	2	21	0	7	6	0	1	4	2	0	0	0	0	0	1	2	3	9	0	0	6	27	61	4	480	951	4	84	348	116	14	5	15	19	882	3	15	1	24	2	565	23	1921	0	0	0	0	0	67	0	1	18	4	0	12	0	21	0	4	2	0	0	0	1	0	0	0	0	0	0	7	0	2	0	0	1149	272	28	0	0	0	32	0	346	1085	117	0
Columbia:AML14	0	0	2	0	0	0	1	2	0	0	0	0	0	0	0	0	0	0	0	0	1	0	4	11	11	19	1	309	1343	0	54	538	0	0	0	0	74	9	0	0	0	3	0	20	0	421	0	0	0	1	4	4825	2	2	1143	39	0	12	2	1	0	17	0	0	0	0	0	0	0	0	0	0	0	0	0	0	0	0	34	6	1	1	1	0	0	0	0	54	1	6
Columbia:AML2	0	0	220	77	56	4	0	1	0	351	2	3	3	0	1	0	1	0	0	0	2	208	1397	1537	769	94	22	19	2	0	9	15	0	0	0	0	14	43	3	2	0	19	6	302	19	1061	2	0	8	19	200	55	9	6	1	0	32	6	21	2	0	141	8	11	0	0	0	0	0	0	0	4	0	0	0	0	0	0	18	5	71	24	11	2	0	0	0	0	2	19
Columbia:AML3	0	0	44	2	18	3	1	10	1	183	2	3	2	0	3	4	1	0	0	0	0	207	728	763	692	681	85	63	50	1	40	3	0	0	0	0	14	14	3	1	0	1	1	134	39	364	0	0	1	1157	610	519	87	35	26	1	26	8	49	4	0	158	0	2	0	0	0	0	0	0	0	1	0	0	0	0	0	0	77	21	149	108	94	0	0	0	8	35	28	1139
Columbia:AML4	0	1	50	20	23	5	89	100	5	1516	1	1	0	2	7	1	10	8	25	23	906	6	9	2458	146	446	143	20	20	38	117	139	2	0	0	0	9	16	2	3	1	8	1	9	15	1077	0	0	2	2357	1528	751	1862	146	113	30	8	296	185	94	0	66	9	56	0	0	0	0	0	0	0	0	5	25	4	3	0	0	53	27	60	1524	1	0	3	0	5	140	7	71
Columbia:AML5	0	0	63	17	519	4	66	53	1	3	1	0	0	0	0	0	1	0	1	0	54	0	0	6	0	1	6	15	7	37	18	34	0	0	0	0	13	16	0	8	0	0	0	0	0	1430	0	0	1	23	2	3595	9	3	7	7	355	1	40	148	0	6	0	7	0	0	0	0	0	0	0	0	2	12	3	1	0	0	1	0	0	25	158	4	0	0	0	0	0	1039
Columbia:AML6	0	0	44	13	218	6	57	65	0	105	1	2	0	8	3	0	3	8	43	17	544	0	1	186	22	182	21	8	3	39	121	305	0	0	0	0	5	3	2	4	2	1	1	0	0	185	0	0	2	282	261	1616	180	77	48	6	124	94	45	73	0	48	5	46	0	0	0	0	0	0	0	0	1	17	1	1	0	0	286	34	269	14	307	0	0	0	3	83	3	3027
Columbia:AML7	0	0	4	2	0	1	67	169	0	1478	0	0	0	0	3	0	1	0	0	0	0	1	0	865	1957	360	0	0	0	15	0	1	0	0	0	0	0	0	0	3	1	2	6	0	0	0	0	0	3	761	1399	10	0	0	1	0	1	0	1	15	0	192	4	26	0	0	0	0	0	0	0	0	8	6	1	2	0	0	0	1	20	2750	1	0	1	0	0	1	0	0
Columbia:AML9	0	6	166	64	7	0	91	146	0	966	0	0	1	2	4	0	3	2	16	3	326	4	41	538	2238	467	10	28	10	45	16	88	3	1	0	0	24	12	0	0	0	0	1	8	3	15	7	0	1	287	830	117	51	34	90	5	189	40	84	325	24	66	2	28	0	0	0	0	0	0	0	2	25	83	9	9	0	0	69	147	298	340	69	6	6	0	92	162	55	34
Columbia:BM_control	0	3	3	4	112	13	0	0	34	3	142	105	45	58	42	33	21	2	0	0	0	65	216	0	5	0	429	162	16	0	4	66	30	24	7	36	79	197	61	54	0	55	3	567	146	243	0	0	0	10	0	5	424	238	202	101	167	151	106	0	0	2	0	0	37	228	18	6	17	11	23	0	0	0	0	0	15	0	23	0	1	17	223	0	40	0	32	27	6	366
EBI:Donor 1	0	0	72	13	2	0	135	195	0	49	1	2	6	2	14	11	37	60	3	0	4	0	2	7	38	4	5	5	1	58	0	1	0	2	1	1	4	2	0	2	3	4	2	4	0	5	0	0	0	13	42	4	2	3	3	1	0	0	1	146	23	7	1	4	2	2	5	1	1	5	0	0	8	51	55	58	3	0	0	13	5	20	21	2	7	2	2	2	6	5
EBI:Donor 10	0	7	18	24	5	0	516	517	6	5	3	5	1	11	23	10	33	52	44	19	237	5	11	3	3	4	4	9	1	189	4	7	3	2	2	2	9	7	3	1	0	2	1	23	11	23	0	0	0	18	25	9	15	11	21	10	19	12	18	768	0	20	0	26	0	5	0	0	3	1	1	0	1	68	112	75	1	0	12	20	0	39	18	1	8	3	4	6	5	12
EBI:Donor 2	0	0	29	9	4	2	240	162	3	80	10	5	3	5	21	8	44	123	43	3	17	0	19	12	50	13	5	10	0	92	0	3	1	4	1	5	7	17	6	15	0	8	7	23	10	22	0	0	0	18	77	1	14	10	14	7	14	7	5	130	1	11	7	21	1	4	5	0	0	7	2	0	5	65	54	63	7	0	1	14	7	23	21	0	17	1	8	0	2	6
EBI:Donor 3	0	4	199	27	3	0	460	177	13	260	10	11	5	10	25	9	56	138	30	1	4	0	8	25	79	26	4	3	3	111	3	0	1	5	1	8	3	12	4	14	0	12	7	10	3	15	0	0	0	19	113	1	7	5	6	5	5	0	6	172	16	17	1	16	12	19	31	4	4	44	38	0	8	201	243	244	103	0	0	19	20	29	12	0	41	78	14	2	8	10
EBI:Donor 4	0	0	50	6	3	0	242	44	2	121	7	9	0	11	14	14	39	64	1	0	0	0	1	9	26	14	11	2	1	62	0	3	2	0	2	3	8	1	7	7	1	5	0	6	4	8	0	0	0	8	69	3	12	3	8	0	20	0	6	169	6	9	0	1	3	4	3	0	1	9	2	0	43	576	206	255	11	1	0	15	6	19	20	0	18	8	7	3	2	16
EBI:Donor 5	0	4	100	11	6	1	72	68	3	75	9	3	1	10	12	11	30	55	23	7	10	1	8	1	27	19	18	8	0	45	2	2	5	3	4	3	7	6	1	5	0	4	2	24	21	21	0	0	0	35	67	1	20	8	14	7	16	4	6	124	1	5	1	6	14	24	13	4	6	21	15	0	11	65	69	59	90	0	2	26	4	28	34	2	45	67	21	1	10	26
EBI:Donor 6	0	0	55	11	2	0	143	78	1	63	2	8	0	5	13	6	8	17	2	0	1	0	0	23	28	10	4	2	2	65	1	1	0	0	0	0	3	2	6	1	0	4	3	1	3	5	0	0	0	8	48	1	11	4	3	2	6	0	1	148	5	4	0	2	0	9	1	2	0	8	2	0	4	111	86	118	5	0	0	8	4	16	23	3	7	3	3	1	0	4
EBI:Donor 7	0	0	32	55	2	1	1462	308	25	6	5	9	5	12	4	4	26	27	12	11	126	4	11	9	1	2	10	11	1	233	10	7	10	7	0	4	8	10	1	6	1	14	0	7	17	10	0	0	0	12	13	3	13	6	17	12	11	14	9	1452	0	42	0	16	21	57	8	11	11	31	10	0	2	285	679	666	95	1	2	13	0	17	16	1	3	141	6	6	0	11
EBI:Donor 8	0	0	27	34	1	0	507	284	10	6	1	2	1	13	7	5	39	41	20	14	173	2	16	7	1	3	4	8	1	206	3	15	7	2	2	7	5	8	2	0	1	7	2	16	5	24	0	0	0	17	16	3	16	2	13	9	15	12	7	676	0	17	0	7	6	9	2	3	1	19	6	0	2	377	411	240	38	0	5	8	1	24	20	0	1	33	3	6	1	10
EBI:Donor 9	0	1	18	13	2	0	669	165	4	12	0	2	0	6	8	3	20	36	24	5	221	0	4	6	2	6	3	2	4	59	5	3	3	3	1	6	1	5	1	0	0	0	0	4	3	4	0	0	0	15	21	1	2	5	10	5	4	4	0	240	0	9	0	10	14	31	14	9	2	22	19	0	14	488	456	421	42	0	3	18	6	19	7	0	2	75	5	2	3	10
EBI:P01__Diagnosis	0	0	6	4	131	0	106	52	41	1	1	0	0	0	0	15	0	2	26	34	35	0	0	7	7	3	17	107	77	18	0	107	0	0	0	0	5	35	1	4	0	0	0	4	1	544	0	0	0	43	3	1268	1051	41	8	65	184	549	187	186	0	5	0	5	0	0	3	7	0	0	0	0	1	44	33	11	0	0	9	2	5	3	19	0	0	0	1	0	0	329
EBI:P01__Relapse	0	0	1	4	222	6	11	55	0	23	0	0	0	0	11	21	6	2	24	164	436	1	0	17	5	2	28	21	1	1	0	3	0	0	0	0	45	121	8	34	0	1	0	0	0	188	0	0	0	6	10	185	1664	473	22	2	1531	9	14	37	1	1	0	98	0	0	0	0	0	0	0	0	1	0	0	0	0	0	0	0	1	8	1691	3	2	0	0	1	2	7492
EBI:P02__Diagnosis	0	0	5	15	43	0	25	5	1	4	0	0	0	0	0	0	0	0	3	1	25	0	1	5	5	4	22	66	111	9	140	278	0	0	0	0	31	43	0	173	0	0	0	0	2	837	0	0	0	10	0	4624	198	12	28	44	143	160	182	18	1	0	0	0	0	0	0	0	0	0	0	0	0	8	28	5	0	0	11	1	0	1	7	0	0	0	1	6	0	820
EBI:P02__Relapse	0	2	0	0	4	1	44	26	6	836	0	6	2	6	11	1	7	28	28	25	1601	0	0	86	49	30	11	0	0	21	3	6	5	0	2	3	0	1	1	3	0	1	1	1	0	3	0	0	0	188	787	8	33	8	7	2	160	12	25	64	6	0	2	0	1	1	0	0	0	2	0	0	0	10	14	11	5	0	12	20	5	348	105	5	52	14	6	11	3	48
EBI:P03__Diagnosis	0	12	0	0	1	0	236	358	59	2	10	19	1	30	40	7	82	93	53	103	934	0	3	5	5	0	24	11	29	265	34	22	18	3	3	6	4	40	9	2	4	23	0	4	18	29	0	0	0	1	0	8	6	2	13	31	6	5	1	730	0	0	0	2	9	5	3	29	10	10	1	0	1	16	173	14	2	0	9	5	1	2	3	0	51	0	10	4	12	3
EBI:P03__Relapse	0	0	0	5	0	0	24	26	54	2	0	1	0	2	0	1	1	1	6	4	42	0	7	3	2	7	149	583	332	3	34	478	43	18	2	30	5	13	1	3	0	1	0	5	58	106	0	0	0	3	2	567	168	24	444	4936	3	8	2	157	0	0	0	12	0	0	2	0	4	3	0	0	0	5	10	2	0	0	1	1	0	0	1	0	15	1	1	7	0	4
EBI:P04__Diagnosis	0	0	2	3	0	0	65	70	0	2	1	0	0	0	2	0	7	15	1	0	168	0	2	10	1	25	4	3	6	72	23	147	0	0	0	0	0	3	0	0	0	0	0	0	0	23	0	0	0	233	47	729	19	1	5	1	11	128	53	144	0	4	0	4	0	0	0	0	0	0	0	0	0	6	36	46	0	1	254	31	8	13	3	0	0	0	5	79	8	70
EBI:P04__Relapse	0	1	1	0	1	0	10	10	1	1	5	1	1	1	2	1	3	1	3	6	17	0	2	0	0	0	58	124	90	6	17	355	0	0	0	0	67	131	12	33	0	2	0	0	5	1138	0	0	0	1	0	4590	181	103	92	62	163	39	13	16	0	4	0	0	0	1	1	0	0	0	0	0	0	1	4	4	1	0	71	0	0	1	182	0	0	0	2	2	1	2850
EBI:P05__Diagnosis	0	0	1	0	0	0	36	18	1	52	4	4	20	5	19	15	5	11	14	8	1128	0	8	50	14	0	9	86	70	19	14	29	0	0	0	0	11	25	8	10	0	34	2	16	42	56	0	0	0	0	0	63	4	1	11	29	0	0	0	38	0	0	0	0	0	0	0	6	0	0	0	0	0	14	46	5	0	0	3	0	1	2	1	0	0	0	0	0	0	0
EBI:P05__Relapse	0	3	2	5	3	0	32	8	38	0	12	5	15	1	2	0	1	0	0	2	12	6	25	0	0	0	863	1837	2827	22	94	409	1	0	0	0	25	551	12	67	1	23	15	131	3117	708	0	0	0	0	1	1573	15	25	202	2153	0	0	0	83	0	2	0	1	0	0	0	4	1	1	0	0	0	3	15	4	0	0	2	0	1	0	0	1	0	1	1	0	1	0
EBI:P06__Diagnosis	0	0	5	14	0	0	13	39	0	1	0	0	0	0	0	0	0	0	0	1	2	0	0	0	2	198	0	0	1	13	0	24	0	0	0	0	23	0	1	0	0	0	0	0	0	0	0	0	0	610	450	1018	4	45	31	0	14	251	152	402	0	23	0	5	0	0	0	0	0	0	0	0	0	0	0	0	0	1	655	198	0	4	3	0	0	0	8	175	20	138
EBI:P06__Relapse	0	0	2	6	2	0	1713	680	2	4	0	1	0	0	5	0	2	4	9	9	381	0	0	0	0	6	2	6	14	138	23	22	0	0	0	0	3	23	0	3	0	2	0	0	0	30	0	0	0	1	32	72	133	28	6	4	9	9	6	1630	63	0	0	12	0	0	0	1	0	0	0	0	27	419	808	198	0	0	1	0	0	4	4	31	1	0	0	0	0	29
EBI:P07__Diagnosis	0	0	4	1	4	0	83	60	0	669	7	15	1	10	12	9	42	63	33	7	364	0	0	64	379	150	23	8	0	28	0	4	0	0	0	1	6	8	2	8	1	7	4	6	16	26	0	0	0	357	1401	45	4	2	5	0	0	40	2	144	3	85	1	2	0	0	0	0	0	0	0	0	0	88	60	23	0	0	165	69	0	7	5	2	1	0	23	98	2	18
EBI:P07__Relapse	0	0	0	2	11	0	84	93	0	221	2	4	7	8	5	3	17	25	15	3	92	0	0	292	147	67	440	93	4	28	3	10	1	0	0	1	28	23	10	16	1	0	4	2	55	124	0	0	0	44	317	70	120	74	48	24	189	70	77	205	256	14	0	2	0	0	0	0	0	0	0	0	1	34	54	14	0	0	5	27	43	139	257	81	1	0	7	44	2	189
EBI:P08__Diagnosis	0	2	1	5	195	1	298	68	0	476	6	4	2	4	8	16	49	145	114	78	1710	6	65	130	170	349	347	467	43	93	5	71	3	0	0	4	19	178	5	13	0	2	0	5	199	308	0	0	0	141	475	1732	849	97	93	89	42	89	78	97	0	74	0	13	0	0	0	1	0	1	0	0	1	51	31	39	0	1	47	194	43	117	58	0	7	0	67	108	21	411
EBI:P08__Relapse	0	0	1	0	0	0	27	20	3	6	0	0	0	0	10	4	31	33	16	93	2206	0	9	3	0	2	9	52	8	17	6	3	1	1	0	0	1	5	2	2	0	1	0	2	24	9	0	0	0	1	6	188	1	2	3	1	8	1	1	60	0	0	0	0	2	3	0	1	0	0	0	0	1	0	1	0	0	0	2	3	0	6	4	0	2	0	3	5	1	4
EBI:P09__Diagnosis	0	1	1	0	3	0	26	36	0	1	0	0	1	11	9	2	8	13	15	15	159	0	0	0	0	2	0	0	10	5	105	151	0	0	0	0	1	23	1	32	0	0	0	0	0	214	0	0	0	18	3	1799	7	2	10	2	509	62	84	31	0	0	0	21	0	0	0	0	0	0	0	0	0	10	14	1	0	0	40	2	0	8	256	4	0	0	0	16	0	1047
EBI:P09__Relapse	0	0	5	1	1	0	14	16	0	2	0	0	0	0	0	0	2	1	1	13	129	0	1	0	0	3	0	0	14	3	20	7	0	1	1	2	12	0	6	4	0	0	0	0	0	8	0	0	0	3	0	2290	6	3	33	0	718	7	21	12	0	0	0	0	0	0	0	0	0	0	0	0	1	2	11	2	2	0	1	1	0	5	622	0	10	5	0	2	1	2340
EBI:P10__Diagnosis	0	0	0	4	15	4	5	1	3	15	4	0	1	0	0	0	0	0	0	1	5	5	6	2	2	10	615	414	202	2	24	2281	21	5	3	3	74	144	0	22	1	53	18	1	86	450	0	0	0	31	26	938	2563	1047	1025	1687	111	933	194	9	0	1	0	2	0	0	0	0	0	0	0	0	0	0	4	5	0	0	43	13	5	37	123	4	36	0	1	166	2	324
EBI:P10__Relapse	0	0	0	0	5	0	0	1	0	5	0	0	0	0	0	0	0	0	3	1	7	0	0	6	6	4	4	20	6	1	1	264	7	0	0	1	0	9	1	2	0	3	1	0	0	21	0	0	0	47	25	111	33	8	45	70	14	464	68	5	0	2	0	0	0	0	0	0	0	0	0	0	0	0	0	0	0	0	54	5	4	14	3	0	10	0	0	38	0	1
EBI:P11__Diagnosis	0	0	5	4	59	2	118	166	0	127	25	24	8	13	5	20	15	23	225	349	472	1	2	91	1	18	356	88	0	42	0	1	0	0	0	0	58	118	21	46	0	2	0	9	69	207	0	0	0	25	151	166	222	55	40	0	3431	0	24	45	57	1	0	45	0	0	0	0	0	0	0	0	1	16	32	9	0	0	0	1	0	748	1229	516	0	0	0	0	0	264
EBI:P11__Relapse	0	0	2	8	2	0	82	160	0	51	0	0	2	0	5	0	18	5	10	124	832	0	0	8	1	3	3	2	0	19	0	2	0	0	0	0	4	0	4	0	0	3	1	0	0	4	0	0	0	105	144	188	5	13	2	0	2325	19	252	20	9	2	0	5	0	0	0	0	0	0	0	0	1	4	44	8	0	0	1	1	1	295	1058	98	1	0	1	4	1	306
EBI:P12__Diagnosis	0	0	0	6	0	1	89	39	0	0	0	0	0	0	1	0	4	3	3	3	36	0	1	0	0	0	406	647	0	27	0	0	0	0	0	0	10	6	3	0	0	1	0	8	595	1414	0	0	0	0	0	480	3	6	40	0	0	0	0	96	0	1	0	0	0	0	0	0	0	0	0	0	16	30	209	21	0	2	0	0	0	0	0	0	0	0	0	0	0	2
EBI:P12__Relapse	0	0	5	0	0	0	36	66	0	17	1	1	1	2	4	2	2	2	9	4	399	0	2	6	0	2	511	130	1	5	1	1	0	0	0	0	3	39	2	2	0	0	2	7	200	946	0	0	0	4	25	243	247	62	46	0	103	0	3	40	97	0	1	1	0	1	2	0	0	0	0	0	0	0	0	1	0	0	0	0	0	13	19	27	0	3	0	0	0	170
EBI:P13__Diagnosis	0	1	7	51	32	0	499	1118	5	516	14	23	7	24	92	13	95	116	65	97	2287	1	1	85	125	65	125	58	52	222	99	26	6	0	0	0	18	15	11	9	0	6	2	15	40	56	0	0	0	82	260	28	115	69	47	84	162	15	51	878	6	5	10	117	0	1	0	0	0	0	0	0	13	303	780	81	0	0	9	15	1	193	307	13	7	0	8	11	2	164
EBI:P13__Relapse	0	0	0	8	24	3	14	65	1	247	0	0	0	0	1	1	10	10	9	11	130	0	1	64	105	37	1883	151	43	13	42	93	0	0	1	0	9	1	0	4	0	0	0	8	53	81	0	0	0	32	120	111	795	358	222	489	216	77	63	88	11	18	0	1	0	0	0	0	0	0	0	0	0	1	16	0	0	0	11	14	8	31	408	1	10	0	1	10	2	444
EBI:P14__Diagnosis	0	3	1	1	0	0	19	43	686	0	1	0	0	1	1	2	2	5	7	7	100	0	7	0	0	1	177	435	3013	15	38	690	30	1	0	1	4	0	5	1	0	0	0	8	512	76	0	0	0	1	2	143	49	16	1153	2428	0	141	0	47	0	1	0	2	0	4	8	3	130	22	0	0	0	11	14	3	0	0	126	15	4	0	0	0	19	0	5	52	14	0
EBI:P14__Relapse	0	3	7	2	5	0	297	149	518	1	2	3	3	1	12	6	18	11	86	51	1023	0	7	1	1	6	33	194	2423	69	279	286	23	0	0	9	2	77	2	8	0	0	0	17	136	259	0	0	0	18	26	93	18	4	343	1173	1	58	13	259	0	1	0	4	0	0	1	1	36	5	0	0	3	115	430	43	0	0	82	29	0	1	2	1	23	0	2	27	18	1
EBI:P15__Diagnosis	0	39	9	28	7	0	77	44	4	331	0	0	0	0	0	0	0	6	4	9	85	1	8	350	1359	153	374	265	30	28	7	168	9	0	2	2	3	13	1	5	0	2	0	32	388	78	0	0	0	90	215	29	237	43	64	139	11	192	43	444	0	45	1	6	0	0	0	0	0	0	0	0	0	18	120	9	0	0	190	1166	1027	65	5	0	43	0	110	186	434	10
EBI:P15__Relapse	0	1	3	4	1	0	42	106	0	767	0	0	1	0	2	1	0	3	8	23	180	0	0	77	786	1466	106	26	2	27	4	429	1	1	0	2	36	0	14	3	0	0	0	2	4	7	0	0	0	961	1383	49	275	147	279	55	65	761	323	211	0	39	1	18	0	0	0	0	0	0	0	0	0	0	15	3	0	0	786	247	20	486	3	0	25	0	168	996	70	12
EBI:P16__Diagnosis	0	2	1	6	3	0	402	152	0	0	5	5	2	6	15	17	30	15	24	105	936	0	0	1	0	0	85	42	11	64	7	108	8	1	0	1	7	6	0	2	1	2	2	4	72	75	0	0	0	11	2	168	639	174	48	76	97	155	22	310	0	0	1	29	0	0	0	0	0	0	0	0	0	17	422	117	0	0	40	6	0	1	83	2	8	0	2	26	6	418
EBI:P16__Relapse	0	0	3	11	3	0	881	260	0	0	0	0	5	1	8	12	11	22	46	34	1111	0	2	0	0	0	586	768	110	61	8	5	0	0	0	0	5	5	0	5	0	1	1	5	85	579	0	0	0	0	0	428	187	8	6	216	17	2	2	722	0	0	0	1	0	0	0	0	0	1	0	0	2	109	918	226	0	0	2	0	0	0	5	0	0	0	0	0	0	223
EBI:P17__Diagnosis	0	0	7	2	3	0	298	413	0	5	0	0	1	0	0	0	0	0	0	0	0	0	5	5	5	2	16	7	0	44	1	0	0	0	0	0	4	15	0	1	0	1	0	0	13	49	0	0	0	507	23	80	23	5	2	1	1	2	42	347	0	14	0	7	0	0	0	0	0	0	0	5	6	127	88	17	0	0	8	31	0	173	18	6	0	0	8	22	4	16
EBI:P17__Relapse	0	0	0	0	1	0	59	442	0	2	0	1	1	4	5	3	10	3	12	31	710	0	0	1	0	2	1	1	0	15	5	1	1	0	0	0	0	0	1	1	0	1	0	0	2	1	0	0	0	2218	14	16	0	1	1	0	5	54	259	42	1	0	0	7	1	2	2	0	0	0	0	0	0	5	13	4	1	0	17	4	0	460	11	0	3	6	10	267	1	2
EBI:P18__Diagnosis	0	0	49	14	44	0	261	34	40	9	2	2	2	2	0	0	1	0	4	5	72	1	7	23	1	2	98	340	196	19	14	33	5	0	0	0	64	63	3	4	1	2	2	5	109	93	0	0	0	6	3	376	305	149	69	326	81	32	17	127	3	4	0	4	0	13	48	1	0	0	1	0	6	54	125	76	0	0	1	1	0	19	22	2	2	0	0	2	1	70
EBI:P18__Relapse	0	0	380	152	6	0	821	1464	0	0	0	0	0	1	0	1	0	3	0	2	28	2	2	2	1	0	0	360	57	103	0	1	0	1	0	0	0	11	1	0	0	0	0	11	73	41	0	0	0	0	0	339	11	3	0	8	1	0	0	1435	0	9	0	5	0	1	1	1	0	1	1	0	18	14	69	65	2	0	0	0	0	0	3	0	0	13	1	0	0	1
EBI:P19__Diagnosis	0	0	14	21	1	0	33	23	0	347	0	0	0	0	0	0	0	0	0	0	6	0	0	434	328	542	6	11	4	16	2	17	0	0	0	0	4	36	0	0	0	6	5	0	0	97	0	0	0	162	699	219	8	1	3	11	24	15	44	53	0	33	0	4	0	0	0	0	0	0	0	0	0	19	41	42	0	0	49	30	8	31	10	3	0	0	2	40	4	17
EBI:P19__Relapse	0	0	16	9	8	0	390	797	0	0	0	0	0	0	0	1	0	2	2	2	68	0	0	0	1	0	23	36	21	105	23	37	0	0	0	1	4	88	0	5	2	9	4	0	2	113	0	0	0	0	0	337	17	7	5	17	22	2	12	1488	0	2	0	7	0	0	0	0	0	0	0	0	14	124	190	184	0	0	7	0	0	3	14	5	0	0	0	0	1	20
EBI:P20__Diagnosis	0	0	3	5	5	0	12	1	0	29	2	1	1	2	5	2	9	4	0	0	4	0	0	13	44	229	120	284	12	4	0	114	0	0	0	0	10	78	0	11	5	35	18	0	0	273	0	0	0	181	222	1637	425	105	95	44	21	251	293	21	0	11	0	10	0	0	0	0	0	0	0	0	0	5	21	6	0	0	149	43	5	10	18	0	0	0	6	52	11	400
EBI:P20__Relapse	0	0	6	5	10	0	16	16	0	0	12	16	14	8	18	19	15	20	4	6	34	0	0	1	0	1	13	141	48	7	0	98	0	0	0	0	24	125	7	46	0	9	3	0	0	286	0	0	0	52	6	1671	90	19	18	8	76	53	121	44	0	4	0	4	0	0	0	0	0	0	1	0	0	2	10	3	1	0	26	0	0	5	61	2	0	0	1	7	1	425
EBI:P21__Diagnosis	0	0	4	3	81	2	17	7	0	0	0	0	1	1	1	1	0	1	0	0	17	0	4	1	0	4	4	4	17	3	275	170	0	0	0	0	16	10	10	27	0	0	0	0	0	112	0	0	0	63	6	4223	94	4	18	2	18	216	131	32	0	3	0	7	0	0	0	0	0	0	1	0	0	2	17	4	0	0	36	4	10	3	4	2	0	0	2	12	0	94
EBI:P21__Relapse	0	0	0	0	5	0	9	14	0	1	0	0	0	0	0	0	0	0	1	6	15	0	0	0	0	11	12	10	4	4	11	526	0	0	0	0	3	1	1	2	0	0	0	0	0	10	0	0	0	46	18	2188	1443	184	163	33	59	930	296	11	0	0	0	0	0	0	0	0	0	0	0	0	0	2	5	3	0	0	33	5	7	0	28	1	0	0	0	30	0	1382
EBI:P22__Diagnosis	0	1	15	21	30	0	475	118	10	7	0	0	0	0	5	1	1	23	35	155	836	1	2	2	13	3	4	1	0	59	0	7	0	0	0	1	4	8	0	3	0	0	0	0	1	24	0	0	0	4	1	315	810	151	18	22	169	17	10	179	0	3	0	53	1	2	1	2	0	2	2	0	75	117	1046	369	0	0	0	0	0	2	126	0	0	0	0	3	1	2384
EBI:P22__Relapse	0	2	47	21	127	3	186	238	21	21	0	0	0	0	4	3	6	8	28	126	1181	1	1	6	4	4	7	15	9	45	0	34	0	0	1	0	23	13	0	19	0	0	0	0	5	391	0	0	0	10	9	1005	529	50	13	9	261	138	48	242	2	6	0	17	0	1	4	1	0	0	0	0	13	45	238	79	0	0	11	1	0	17	406	13	2	0	1	2	3	1500
EBI:P23__Diagnosis	0	1	20	22	0	0	63	15	1	91	1	1	0	0	0	0	1	0	1	1	63	2	3	32	49	57	216	2211	1222	10	109	17	8	3	1	4	54	176	9	48	1	9	3	199	983	1702	0	0	0	12	35	741	15	26	152	147	11	6	2	148	0	0	0	4	0	0	0	0	1	0	0	0	2	19	41	6	0	0	4	10	2	7	14	0	45	1	1	6	5	9
EBI:P23__Relapse	0	2	0	1	19	2	9	8	1	4	0	1	0	0	2	3	0	2	8	7	104	12	28	1	0	3	55	865	391	0	69	18	6	1	0	1	24	83	4	25	0	13	0	55	765	639	0	0	0	6	14	2298	16	16	39	35	30	8	6	87	0	0	0	2	0	0	0	0	0	0	0	0	0	3	0	0	0	0	8	0	2	12	24	7	10	0	1	4	5	16
EBI:P24__Diagnosis	0	0	3	5	12	3	16	5	8	0	0	0	0	0	2	0	1	6	5	5	13	0	1	0	0	0	2	32	70	7	6	24	0	0	1	0	238	26	0	106	0	2	0	0	0	276	0	0	0	46	5	1527	17	12	74	5	246	61	75	32	0	0	0	5	1	0	0	0	1	0	0	0	3	9	12	21	0	0	2	0	0	64	297	1	0	0	0	10	0	1172
EBI:P24__Relapse	0	0	0	2	0	0	13	17	0	0	0	0	0	0	0	0	0	0	0	0	49	0	0	0	0	0	2	30	42	4	1	10	0	0	0	0	61	5	6	13	0	0	0	0	0	301	0	0	0	40	2	3829	22	11	72	6	401	21	90	56	0	0	1	2	1	0	0	0	1	1	0	0	4	0	1	0	1	0	0	0	0	31	114	0	1	8	0	2	0	893
EBI:P25__Diagnosis	0	0	2	55	326	4	54	76	0	244	1	2	8	10	8	2	25	71	40	96	346	0	0	23	74	30	1525	273	5	10	10	30	0	0	0	0	79	17	2	50	0	0	0	0	54	302	0	0	0	57	155	156	1451	245	220	48	131	68	61	112	5	4	0	37	0	0	0	0	0	0	0	0	0	15	69	8	0	0	6	6	2	116	72	1	0	0	0	7	1	382
EBI:P25__Relapse	0	0	4	62	33	0	55	70	0	41	1	1	3	0	6	0	3	10	84	182	2179	1	9	2	14	35	760	483	7	10	7	4	0	0	0	0	46	72	5	34	0	0	0	54	411	863	0	0	0	25	44	192	293	58	56	9	243	12	47	38	3	0	0	15	0	0	0	0	0	0	0	0	0	11	42	1	0	0	11	16	1	12	41	2	0	0	1	2	0	151
EBI:P26__Diagnosis	0	1	2	1	1	0	92	101	0	88	2	0	2	8	7	3	20	41	35	35	982	2	0	55	84	199	25	27	2	25	1	12	2	0	0	1	1	7	0	1	0	2	2	2	35	140	0	0	0	191	366	283	6	8	2	7	112	41	104	138	0	17	0	20	0	0	0	0	0	0	0	0	2	25	82	19	0	0	32	32	8	319	33	1	0	0	32	58	12	43
EBI:P26__Relapse	0	0	13	27	12	0	11	142	0	726	3	3	3	4	10	2	12	13	28	34	445	0	3	322	1214	1052	55	106	8	14	2	23	2	0	0	1	6	12	0	2	0	0	0	10	76	114	0	0	0	218	547	143	14	7	6	17	162	23	72	170	0	80	0	14	0	0	0	0	0	0	0	0	0	1	0	1	0	0	37	94	16	534	57	1	0	0	38	33	30	31
Milan:PT01_PT10__D30	0	3	8	0	2	0	16	6	20	5	1	4	0	5	9	2	19	16	1	0	0	0	1	9	14	2	2	13	27	8	22	2	7	4	0	7	7	13	4	3	0	7	0	35	0	109	0	0	0	5	3	25	6	0	15	4	1	11	4	33	0	50	0	3	2	0	0	0	3	5	0	0	0	6	0	0	0	0	8	1	1	1	2	0	6	0	4	2	4	15
Milan:PT01__D30	0	0	2	0	0	0	6	22	1	0	0	1	0	0	1	1	1	0	0	0	0	5	65	0	0	0	2	19	39	16	5	0	0	1	0	0	1	2	0	0	0	0	0	47	2	6	0	0	0	0	0	3	0	0	4	2	0	0	0	1020	0	1	0	4	0	0	0	0	0	0	0	0	0	2	0	0	0	0	0	0	0	0	2	0	0	0	0	0	0	1
Milan:PT01__Diagnosis	0	0	5	4	5	0	4	5	0	0	0	0	0	1	0	0	0	0	0	0	0	22	90	4	0	4	104	788	520	1	9	200	0	5	0	7	47	35	1	3	0	2	0	158	132	632	0	0	0	0	0	240	183	67	68	133	4	12	1	20	0	0	0	0	0	0	0	0	0	0	0	0	0	9	5	1	0	0	63	1	120	0	13	0	2	0	1	11	10	125
Milan:PT02__D30	0	15	0	0	13	2	0	2	14	17	14	23	9	22	39	25	103	220	4	0	0	0	2	14	7	4	92	15	67	1	16	70	58	16	21	21	7	27	9	15	0	13	0	96	78	44	0	0	0	43	25	4	66	24	30	48	125	77	79	24	0	5	0	4	0	0	0	0	0	0	0	0	0	0	0	0	0	0	41	26	9	49	90	3	31	0	92	37	22	81
Milan:PT02__Diagnosis	0	0	9	6	8	0	0	1	1	2	1	1	0	0	0	0	0	0	0	0	0	0	1	31	12	2	27	336	248	1	5	68	0	0	0	0	12	108	0	4	0	3	0	1	2	301	0	0	0	2	1	246	107	15	28	34	0	13	4	42	0	37	0	1	0	0	0	0	0	0	0	0	0	0	0	0	0	0	7	1	23	0	2	0	0	0	2	2	2	44
Milan:PT06__Diagnosis	0	0	1	0	64	1	22	5	0	0	12	2	0	1	1	0	0	0	0	0	0	317	694	1	1	2	26	102	9	5	16	42	0	0	0	0	32	66	1	27	0	5	0	415	58	1221	0	0	0	2	0	228	46	7	6	11	13	10	9	32	0	3	0	0	0	0	0	0	0	0	0	0	0	17	10	2	0	0	5	1	5	0	0	1	0	0	0	0	1	108
Milan:PT07__D14	0	0	8	27	0	0	12	9	0	0	0	0	0	0	0	0	0	0	0	0	0	1	6	0	0	0	3	171	1	14	4	1	0	0	1	0	94	8	6	0	0	6	0	39	28	16	0	0	1	0	0	0	2	54	74	0	0	0	0	6275	0	1	0	31	0	0	0	0	0	0	0	0	0	1	1	2	0	0	0	0	0	0	0	0	0	0	0	1	0	6
Milan:PT07__Diagnosis	0	2	106	60	1	0	4	6	0	850	2	2	1	3	2	7	20	23	1	0	0	175	164	241	230	311	2	4	5	1	6	18	1	0	0	0	3	9	5	0	0	0	0	37	0	109	0	0	0	925	1059	59	20	1	3	2	0	41	39	13	0	67	0	89	0	0	0	0	0	0	0	0	0	1	0	0	0	0	69	4	12	109	0	0	1	0	7	48	2	12
Milan:PT08__D14	0	0	0	0	0	0	1	19	0	0	0	0	0	0	0	0	0	0	0	0	0	0	0	0	0	0	0	1	0	0	1	0	0	0	0	0	2	0	0	0	0	0	0	1	0	0	0	0	0	0	0	1	1	0	0	0	0	0	0	39	0	0	0	2	0	0	0	0	0	0	0	0	0	0	0	0	0	0	0	0	0	0	0	0	0	0	0	0	0	1
Milan:PT08__D30	0	8	0	0	3	0	10	7	0	7	5	7	0	3	1	0	0	0	0	0	3	0	0	52	42	2	0	4	33	11	82	2	1	0	0	0	1	62	0	1	3	22	9	28	2	84	0	0	0	0	0	2	0	0	0	0	0	0	0	1903	0	41	0	0	0	0	0	0	0	0	1	0	0	2	0	0	0	0	0	0	1	0	0	0	76	0	0	0	6	0
Milan:PT08__Diagnosis	0	2	5	0	1	0	1	10	1	6	0	0	0	0	2	0	0	0	0	0	0	4	6	56	33	44	7	139	93	1	9	19	3	0	0	0	3	9	0	0	0	0	0	8	1	619	0	0	0	40	29	1869	47	16	20	4	6	19	17	99	0	55	0	0	0	0	0	0	0	0	0	0	0	0	0	0	0	0	143	17	206	0	1	0	3	0	1	19	4	188
Milan:PT08__Relapse	0	41	1	0	3	0	29	49	35	14	4	2	0	2	25	2	52	166	1	0	0	0	0	17	17	15	12	836	370	24	39	20	44	19	7	24	67	25	7	9	0	0	0	18	1	1847	0	0	0	16	21	1946	89	68	202	13	10	58	29	1834	0	15	0	9	18	2	32	9	6	14	7	0	0	2	0	0	0	0	67	54	15	11	20	1	21	0	88	29	53	815
Milan:PT09_PT13__D30	0	1	1	0	0	0	33	0	11	0	4	5	0	7	5	11	5	27	1	0	0	0	0	1	0	0	12	88	47	6	53	0	4	0	0	0	8	34	2	3	0	1	0	4	2	59	0	0	0	0	0	15	4	4	10	7	1	1	0	9	6	0	0	0	6	1	4	4	5	5	2	0	1	2	0	0	0	0	2	0	1	1	0	0	1	0	4	0	1	4
Milan:PT09__D14	0	0	1	0	35	0	12	1	0	0	0	0	0	0	0	0	0	0	0	0	0	0	0	0	0	0	0	1	5	2	1	0	0	0	0	0	0	2	0	0	0	0	0	0	0	13	0	0	0	0	0	0	0	0	0	1	0	0	0	307	0	0	0	2	0	0	0	0	0	0	0	0	0	2	0	0	0	0	0	0	0	0	0	0	0	0	0	0	0	0
Milan:PT09__Diagnosis	0	0	7	1	11	0	0	9	0	33	0	0	0	1	0	0	0	0	0	0	0	0	0	88	193	474	37	303	1054	1	173	325	1	0	0	0	25	241	0	0	0	11	0	11	4	1603	0	0	0	362	553	251	160	41	158	95	35	162	87	17	0	62	0	3	0	0	0	0	0	0	0	0	1	0	0	0	0	0	164	48	28	26	30	1	0	0	1	83	26	233
Milan:PT10__D14	0	0	0	0	1	0	18	5	0	0	0	0	0	0	0	0	0	0	0	1	0	0	0	0	0	0	0	1	2	7	19	0	0	0	0	0	2	3	0	0	0	7	0	5	0	2	0	0	0	0	0	0	0	0	0	0	0	0	0	359	0	0	0	10	0	0	0	0	0	0	0	0	1	3	0	0	0	0	0	0	0	0	0	0	0	0	0	0	0	1
Milan:PT10__Diagnosis	0	0	7	2	11	0	0	0	0	165	5	3	2	0	0	0	0	0	0	0	0	4	2	478	362	53	22	760	400	1	6	41	0	0	0	0	14	56	2	4	0	0	0	14	4	486	0	0	0	8	28	352	21	7	38	97	3	17	7	71	0	300	0	1	0	0	0	0	0	1	0	0	0	2	0	0	0	0	11	2	2	2	0	0	0	0	0	6	0	27
Milan:PT10__Relapse	0	0	0	0	0	0	0	1	0	1	0	0	0	0	0	0	0	0	310	247	45	0	0	0	0	1	0	0	0	0	0	0	0	0	0	0	0	0	0	0	0	1	0	0	0	1	0	0	0	0	0	0	0	0	0	0	0	0	0	38	0	7	0	0	0	0	0	0	0	2	0	0	0	0	0	0	0	0	0	0	0	0	0	0	0	1	0	0	0	0
Milan:PT11__D30	0	80	1	0	11	0	23	87	114	12	75	22	1	53	37	74	110	221	2	0	0	2	1	46	14	6	71	145	984	44	112	71	98	23	8	23	6	145	15	11	0	62	1	1382	65	653	2	0	0	37	36	22	32	7	32	29	23	96	73	527	61	237	1	4	1	0	1	4	2	1	0	0	1	3	0	0	0	0	77	83	72	18	11	0	135	0	126	52	103	34
Milan:PT11__Diagnosis	0	2	0	0	0	0	2	1	2	0	11	2	0	2	0	0	0	0	0	0	0	5	3	0	1	0	1	680	1435	3	32	10	4	0	0	0	2	112	0	1	0	7	0	4054	150	231	0	0	0	0	0	3	0	0	36	50	0	0	0	49	0	0	0	5	0	0	0	0	0	0	0	0	0	0	0	0	0	0	2	0	3	0	0	0	1	0	0	0	2	0
Milan:PT12_PT13__D14	0	0	8	0	1	0	105	5	0	0	19	23	0	68	48	137	15	154	10	0	0	0	0	0	0	0	1	13	8	5	76	2	0	1	0	2	14	25	6	11	0	10	0	4	0	13	0	0	0	0	0	10	2	1	2	3	0	0	0	46	0	0	0	4	0	0	0	0	0	0	0	0	0	2	0	0	0	0	1	0	0	0	0	0	0	0	0	1	0	0
Milan:PT12__D30	0	2	1	1	10	0	12	5	66	8	35	23	0	46	33	45	67	135	1	0	0	0	0	33	2	4	9	38	39	0	23	10	12	2	0	6	4	57	13	7	0	6	0	181	5	177	0	0	0	13	11	9	11	4	16	10	3	6	6	128	4	8	0	3	44	2	45	35	16	41	17	0	0	2	0	0	3	0	4	7	3	3	0	1	9	0	8	4	7	19
Milan:PT12__Diagnosis	0	0	0	0	23	0	0	0	0	28	0	1	0	1	9	12	6	2	0	0	2	2	9	39	13	434	14	158	11	0	0	4	1	0	0	0	11	69	1	2	0	1	0	25	2	1044	0	0	0	82	218	402	24	17	76	0	189	111	257	0	4	4	0	0	0	0	0	0	0	0	0	0	0	1	0	0	0	0	40	0	0	26	38	12	0	0	0	73	0	255
Milan:PT13__Diagnosis	0	0	0	0	85	0	0	0	0	0	33	20	0	8	4	0	0	1	0	0	0	0	0	2	4	11	9	776	714	0	60	24	0	0	0	0	29	321	0	28	0	0	0	5	0	1410	0	0	0	2	3	447	8	6	57	52	0	2	1	0	0	23	0	0	0	0	0	0	0	0	0	0	0	0	0	0	0	0	9	1	3	0	7	0	0	0	0	1	0	58
Milan:PT15__Diagnosis	0	0	1	1	1	0	4	0	1	44	0	1	2	0	2	3	1	1	1	0	0	20	16	143	329	162	25	252	110	0	34	96	1	0	0	0	30	31	2	5	0	1	0	48	1	502	0	0	0	88	131	325	76	47	195	64	1	102	22	13	0	601	1	7	0	0	1	0	0	0	0	0	0	2	0	0	0	0	332	64	86	2	7	0	0	0	9	71	7	90
Milan:PT15__Relapse	0	2	0	0	0	0	4	0	0	4	2	1	0	0	0	2	5	23	2	0	0	0	0	0	1	3	117	632	134	0	7	19	0	0	0	2	119	19	33	9	0	2	0	21	4	670	1	0	0	1	4	814	150	118	959	62	6	7	4	68	0	0	0	0	0	1	1	0	0	0	2	0	0	0	0	0	1	0	3	0	0	0	7	2	1	0	0	6	0	132
Milan:PT17__D14	0	0	5	0	125	0	3	0	0	3035	1	1	1	0	0	0	0	0	0	0	0	0	0	154	414	476	4	240	229	0	28	45	0	0	0	0	84	249	6	31	0	2	1	54	11	138	0	0	0	5	69	29	3	43	121	9	2	26	13	19	1	23	0	1	0	0	0	0	0	0	0	0	0	0	0	0	0	0	13	14	3	18	0	1	0	0	7	41	0	5
Milan:PT17__D30	0	4	0	0	133	0	3	1	138	14	244	172	25	83	119	148	322	338	0	0	0	3	8	58	85	4	165	453	1165	2	99	119	41	25	2	27	82	706	84	165	0	46	1	718	134	1420	0	0	0	7	3	187	203	23	144	215	176	184	147	2	0	65	0	0	0	0	0	8	15	2	2	0	0	0	0	0	0	0	56	1	2	12	78	11	6	0	22	73	2	380
Milan:PT17__Diagnosis	0	4	1	0	23	0	0	0	0	27	13	16	21	5	28	14	8	14	1	0	0	1	9	0	26	12	158	2032	654	0	22	106	8	3	1	1	119	725	31	30	0	47	2	1096	1377	747	0	0	0	2	11	70	33	11	90	116	0	19	2	1	0	14	0	0	0	0	0	0	0	0	0	0	0	0	0	0	0	0	33	71	45	1	0	0	11	0	26	30	81	3
Milan:PT18__D14	0	0	2	0	73	0	17	43	3	0	31	4	1	1	4	0	0	0	0	0	0	7	5	0	0	0	49	461	658	6	118	17	0	0	0	0	236	618	30	10	0	14	0	58	33	710	0	0	0	0	2	48	4	11	494	83	1	3	0	347	0	0	0	0	0	0	0	0	0	0	0	0	0	0	0	0	0	0	7	1	1	0	0	0	0	0	0	2	0	0
Milan:PT18__Diagnosis	0	0	1	0	11	0	13	79	1	0	149	33	2	16	6	4	8	4	0	0	0	2	2	0	0	0	191	1665	524	37	123	8	0	0	1	0	35	1038	22	8	0	26	5	320	42	1828	0	0	0	0	0	54	11	2	68	144	1	3	1	911	0	0	0	0	0	0	0	0	0	1	0	0	0	1	0	0	0	0	3	1	0	0	0	0	0	0	0	0	1	2
Milan:PT19__Relapse	0	0	0	0	4	0	0	0	0	0	0	2	0	1	0	0	0	0	0	0	0	0	0	0	0	0	2	204	884	0	90	115	0	0	0	4	196	98	4	12	0	0	0	12	1	1028	0	0	0	0	0	2423	14	21	286	15	3	7	0	1	0	0	0	0	0	0	0	0	0	0	0	0	0	0	0	0	0	0	12	0	6	0	39	6	0	0	0	21	0	181
NIH:UPN111	0	244	760	905	107	17	848	500	1259	583	213	360	977	238	715	4175	3594	2765	1239	554	1016	629	1085	284	484	276	921	683	105	433	51	486	316	164	102	221	305	943	226	610	17	512	68	956	1120	1242	0	0	8	375	411	111	778	441	588	1147	849	641	429	1794	123	226	10	191	88	182	71	444	140	131	65	0	3	1555	1005	345	189	0	466	492	77	429	772	76	213	687	927	278	603	677
NIH:UPN112	0	187	401	434	171	17	279	270	1140	768	315	460	349	376	230	367	664	426	103	11	91	51	467	156	390	463	1089	341	343	106	141	317	328	135	79	159	234	1119	121	431	15	604	141	994	1322	830	0	0	3	141	328	93	376	180	228	810	219	193	170	794	0	87	48	263	69	132	79	207	49	54	47	0	0	1164	239	502	51	2	231	323	46	143	136	0	401	162	436	147	250	298
NIH:UPN113	0	102	226	1018	123	36	207	220	1700	1267	120	335	1029	669	1313	3601	4542	855	234	41	78	150	281	90	722	522	876	314	33	175	16	443	157	74	67	223	514	897	722	488	13	1236	89	380	620	587	0	0	2	221	411	29	911	615	1278	1484	692	458	257	1647	94	234	10	93	780	882	8	1588	1933	580	697	0	0	366	1606	1452	159	0	400	471	25	466	1332	5	179	65	793	445	389	893
NIH:UPN114	0	27	156	696	31	6	114	162	49	1486	60	93	185	129	2184	7745	7979	2733	538	135	217	11	31	143	444	629	153	90	16	204	11	105	13	12	7	29	233	259	716	413	17	206	60	59	61	493	0	0	5	84	364	213	211	176	461	106	340	282	239	877	9	76	9	265	41	32	0	17	46	51	34	0	0	51	282	451	256	2	50	210	84	291	824	17	288	102	176	250	83	752
NYU-1:AML0024	0	0	72	11	0	0	6	41	0	909	1	0	1	2	0	3	5	4	4	0	41	0	0	3208	588	1097	0	1	0	7	0	0	0	0	0	0	4	0	0	1	0	0	0	0	0	2	0	0	0	113	116	20	0	0	0	0	0	7	77	94	0	315	0	2	0	0	0	0	0	0	0	0	1	1	0	0	0	0	2	0	5	20	0	0	0	0	0	0	1	0
NYU-1:AML003	0	2	188	44	54	1	27	17	0	431	0	0	0	8	4	2	2	4	10	12	199	0	0	1281	746	1615	2	29	69	21	74	232	55	0	0	2	13	19	6	14	0	0	0	0	0	112	0	0	0	340	499	589	34	4	25	24	12	120	61	87	0	285	0	1	0	0	0	0	1	0	1	0	1	12	0	7	0	0	212	129	84	8	2	0	22	8	0	35	4	37
NYU-1:AML0048	0	3	120	5	15	0	68	295	2	137	4	1	4	1	4	4	5	6	17	14	158	1	1	2321	515	1148	21	75	63	92	36	15	3	0	0	0	23	606	11	39	6	44	13	21	14	260	0	0	0	15	68	248	8	2	10	3	7	8	5	359	4	310	0	4	0	0	0	1	0	0	0	0	10	9	0	0	0	0	23	48	150	8	3	0	15	1	3	4	5	3
NYU-1:AML005	0	0	167	186	248	0	51	73	30	11	0	0	0	0	0	1	0	0	10	5	47	0	0	30	47	134	8	113	46	42	3	106	0	0	0	0	153	95	9	166	0	0	0	0	0	1874	0	0	0	70	45	281	607	79	61	30	54	422	314	270	0	46	0	4	0	2	72	44	1	0	0	0	1	31	0	19	0	0	105	15	0	7	3	0	0	21	0	15	0	160
NYU-1:AML006	0	0	1462	101	75	0	145	241	1	31	67	53	0	48	31	11	5	33	83	13	670	0	0	51	177	328	10	13	131	122	18	25	2	0	0	0	17	90	52	172	1	31	20	0	0	50	0	0	0	16	43	91	16	0	26	27	2	4	1	223	0	70	0	4	0	0	0	0	0	1	0	0	12	124	1	116	0	0	15	30	19	0	0	0	1	0	0	4	1	4
NYU-1:AML008	0	0	93	0	0	0	3	7	0	332	0	0	0	0	1	0	0	5	2	2	53	0	0	3312	238	708	0	1	4	3	6	1	0	0	0	0	1	1	0	2	0	0	0	0	0	23	0	0	0	0	14	52	0	0	2	0	1	0	0	20	0	218	0	0	0	0	0	0	0	0	0	0	1	3	0	0	0	0	1	1	1	1	0	0	0	0	0	1	0	3
NYU-1:AML009	0	0	469	155	1	0	39	54	28	7	0	1	0	0	6	6	5	30	33	0	14	1	0	34	5	584	1	11	6241	18	325	73	10	1	0	0	6	4	2	14	0	0	0	4	0	255	0	0	0	5	25	331	2	0	65	6	0	29	2	120	0	24	0	7	0	0	16	0	1	0	0	0	1	42	0	4	0	0	85	6	3	1	0	1	6	0	2	3	3	1
NYU-1:AML0114	0	0	578	2	35	0	351	371	1	78	65	13	1	25	33	21	60	110	23	1	21	2	101	495	6	72	6	244	506	431	94	4	2	0	1	1	200	1172	14	40	1	62	5	100	1	965	3	0	3	4	33	421	10	5	386	85	2	4	7	798	1	111	0	240	1	0	2	0	0	2	0	0	85	124	0	27	0	2	2	4	23	6	5	5	53	5	2	7	1	17
NYU-1:AML012	0	2	617	5	16	0	18	7	0	109	0	0	0	0	1	0	1	2	6	1	50	0	1	2735	1102	871	0	8	5	32	4	23	0	0	0	0	1	1	0	1	0	0	0	1	0	10	0	0	0	119	166	175	32	4	6	0	34	74	59	50	1	223	0	1	0	0	1	0	0	0	0	0	7	38	0	7	1	0	128	43	53	16	0	0	2	3	2	17	4	21
NYU-1:AML0160	0	0	83	6	2	0	32	22	0	276	2	0	0	1	1	0	0	5	7	6	67	0	0	893	227	1605	20	143	80	15	28	36	2	0	0	0	8	9	1	4	0	0	0	20	5	407	0	0	0	5	35	231	22	5	29	4	2	5	6	9	0	28	0	0	0	0	0	0	0	0	0	0	4	17	0	0	0	0	49	94	79	10	3	0	1	0	1	13	2	6
NYU-1:AML022	0	0	162	79	0	0	13	48	0	125	0	0	0	0	0	1	3	2	4	5	139	0	0	19	16	146	129	30	1	43	1	0	0	1	0	0	2	86	3	3	2	210	36	0	3	343	0	0	0	7	44	63	73	17	28	0	0	1	2	452	0	5	1	1	0	0	0	0	0	0	0	0	0	11	0	14	0	0	3	1	3	0	9	0	2	3	0	0	1	106
NYU-1:AML025	0	0	130	28	2	0	31	75	6	15	16	6	0	7	8	2	3	11	65	12	261	0	0	13	3	231	77	1289	694	19	78	96	14	1	0	2	3	30	11	25	0	3	1	23	1	428	0	0	0	73	158	927	429	60	192	236	25	116	75	57	1	5	0	8	0	0	0	0	0	0	0	0	2	28	0	22	0	0	26	21	5	15	0	0	73	0	1	18	0	52
NYU-1:AML026	0	11	1198	57	25	2	73	24	5	0	3	0	0	2	0	0	1	2	3	9	77	0	5	2	9	136	0	4	153	18	396	645	0	0	0	0	2	46	2	21	0	0	0	5	1	55	0	0	0	2	26	315	1	0	19	0	0	14	1	41	0	57	0	1	10	0	1	0	0	0	0	0	152	135	17	37	1	0	1228	190	4	0	0	0	3	4	65	192	192	0
NYU-1:AML028	0	0	713	3	0	0	9	9	0	550	3	1	0	4	8	0	1	13	24	10	185	0	0	279	6	1432	0	1	3	27	2	3	1	0	0	1	0	5	4	3	0	8	1	3	0	5	4	0	0	281	2091	69	0	0	0	0	1	16	17	102	5	25	0	0	7	0	3	0	0	8	12	0	5	39	0	3	10	0	3	4	4	8	1	0	7	91	0	6	3	3
NYU-1:AML0310	0	0	32	1	0	0	32	6	0	83	1	0	0	0	0	0	0	4	9	5	45	1	2	5183	983	1979	0	2	11	14	2	2	0	0	0	0	1	1	0	0	0	0	0	6	0	11	0	0	0	5	144	31	0	0	1	0	0	0	0	1	0	129	0	5	0	0	0	0	0	0	0	0	5	1	0	0	0	0	2	31	317	4	0	0	1	0	0	0	0	0
NYU-1:AML033	0	0	191	5	9	0	92	80	1	5	1	2	0	1	2	2	14	24	26	13	497	0	0	14	3	21	1	6	26	96	79	334	0	0	0	2	9	4	2	10	0	3	0	0	0	31	10	2	0	429	8	467	10	2	4	3	10	1113	709	135	0	2	16	19	0	0	1	0	0	1	0	1	29	275	3	72	0	0	927	0	1	26	1	0	0	1	10	166	11	15
NYU-1:AML0361	0	1	18	2	8	0	34	39	14	13	0	0	0	0	2	2	3	6	6	0	11	1	0	575	798	886	0	323	93	86	42	14	9	0	0	0	12	77	3	4	0	0	3	41	0	183	2	0	0	15	14	136	0	1	53	0	1	2	9	38	0	126	0	22	3	0	1	0	2	4	2	0	8	12	0	2	0	0	101	220	339	5	1	0	11	2	26	22	150	5
NYU-1:AML038	0	0	74	9	1	0	8	8	0	19	1	1	0	0	3	0	0	8	27	6	429	0	0	17	3	839	1	32	84	4	18	17	0	0	0	0	3	29	5	2	0	19	2	1	0	384	0	0	0	144	662	192	1	0	14	1	5	168	18	23	4	10	10	9	0	0	0	0	0	0	0	0	1	9	0	7	0	0	101	2	0	7	6	0	0	0	0	117	0	22
NYU-1:AML043	0	0	643	8	1	0	67	222	0	221	12	9	2	7	41	4	26	32	28	3	332	0	1	585	57	220	2	13	9	48	15	3	8	3	0	4	7	13	18	23	0	3	0	11	0	27	0	0	0	8	94	30	3	0	10	0	1	1	10	94	22	74	1	4	0	0	5	0	0	5	0	0	6	90	0	19	3	0	11	26	58	12	10	1	24	48	1	5	4	17
NYU-1:AML048	0	0	624	37	2	1	63	18	0	4	0	0	0	0	3	0	2	3	3	6	42	0	0	14	3	96	0	1	1	43	104	710	0	0	0	1	23	0	4	12	0	0	0	3	0	8	1	0	0	132	49	468	3	3	9	0	2	718	44	59	0	2	0	13	0	0	0	0	0	0	0	0	24	114	5	56	1	0	1191	1	1	1	0	0	0	0	4	574	2	0
NYU-1:AML051	0	4	447	15	16	0	34	11	2	0	9	3	1	5	1	1	3	1	6	7	191	0	0	0	1	39	3	2	47	10	156	204	1	0	0	0	1	52	1	14	0	0	0	5	0	47	0	0	0	0	3	157	2	1	4	0	0	6	0	66	0	13	2	2	1	0	1	0	0	1	0	0	45	119	32	43	1	0	323	26	1	0	0	0	1	1	10	47	32	2
NYU-1:AML052	0	1	137	66	0	0	2	17	0	43	10	6	23	1	0	2	3	3	30	21	88	0	0	59	30	96	6	13	1	12	2	1	0	0	1	0	10	1207	14	39	2	6330	2130	0	0	154	0	0	1	2	13	16	8	3	4	0	1	5	1	72	0	47	1	4	0	0	0	0	0	0	0	0	0	0	0	4	0	0	1	3	2	0	2	0	1	2	0	1	0	29
NYU-1:AML055	0	0	194	17	1556	0	235	119	0	0	6	0	0	0	0	0	2	2	19	2	49	0	0	10	1	45	4	52	7	225	5	38	0	0	0	1	246	1206	68	548	0	0	0	0	0	421	0	0	0	12	2	770	191	18	33	7	4	76	18	56	0	4	0	3	0	0	2	0	0	1	1	0	119	150	1	64	0	0	33	1	0	0	0	0	0	1	0	8	0	75
NYU-1:AML056	0	6	955	45	0	0	42	117	1	52	8	3	0	1	7	1	5	14	15	3	222	0	0	219	52	182	1	4	12	37	2	2	2	1	0	1	0	4	7	10	0	0	0	1	0	11	0	0	0	4	31	38	0	1	4	0	3	3	2	166	4	26	0	8	3	0	2	0	0	16	8	0	14	79	0	7	15	0	13	21	32	2	10	0	34	107	5	12	11	12
NYU-1:AML0612	0	0	63	6	0	0	478	710	10	0	9	0	0	1	0	1	2	3	40	10	103	0	0	5	3	74	90	1614	3218	646	42	4	1	0	0	0	10	129	3	7	0	1	0	476	132	1602	0	0	0	4	7	4070	8	0	146	17	0	5	2	586	0	3	0	2	0	0	1	0	0	1	0	0	200	106	0	7	0	0	2	5	1	0	0	0	0	1	0	0	2	2
NYU-1:AML0656	0	0	73	4	1	0	121	218	0	1	0	1	0	1	1	2	2	7	1	0	12	2	6	15	1	64	0	7	18	227	6	1	0	0	0	0	1	8	0	2	0	0	0	40	0	83	0	0	0	1	2	20	0	0	0	1	0	1	0	1000	0	13	0	0	0	0	2	0	0	1	1	0	38	46	0	1	0	0	1	0	2	1	0	0	2	2	0	1	0	1
NYU-1:AML0693	0	0	1735	10	10	0	213	410	2	23	20	9	0	9	50	10	35	226	169	10	917	38	111	285	6	132	0	12	5	85	30	8	2	0	0	0	24	33	68	66	0	18	2	194	1	249	26	3	1	87	79	2557	3	0	5	0	44	162	202	43	70	84	17	326	0	0	0	0	0	0	0	10	65	182	0	5	0	1	17	8	4	20	19	10	25	0	1	8	0	192
NYU-1:AML073	0	0	2266	208	2	0	174	305	16	441	3	2	0	4	2	2	3	11	62	19	455	0	0	672	352	393	3	78	2083	330	101	33	2	0	0	1	4	32	5	23	2	0	0	0	0	297	3	0	0	15	8	256	10	1	126	404	2	8	2	357	0	10	0	3	0	0	1	0	0	0	1	2	26	107	2	38	1	1	3	1	4	0	0	0	2	0	0	0	0	5
NYU-1:AML1371	0	1	144	73	3	1	573	910	0	15	0	0	1	0	0	0	1	2	12	3	45	0	1	29	146	203	0	2	34	150	50	17	0	0	0	1	6	1	0	3	0	0	0	0	0	35	0	0	0	5	31	140	0	0	2	0	1	6	3	1510	0	100	2	29	0	0	0	0	0	0	0	0	7	138	0	4	0	0	146	71	23	2	0	0	0	0	2	13	7	2
NYU-1:AML1540	0	3	18	1	344	1	20	26	1	516	0	0	0	0	0	1	1	6	3	0	0	0	1	367	1452	1561	8	27	28	6	27	133	34	1	0	6	10	25	4	0	0	2	1	24	0	216	0	0	0	94	697	532	256	24	25	8	13	282	46	39	0	421	8	74	0	0	1	0	1	1	0	0	0	14	1	4	0	0	203	98	21	118	3	0	514	1	14	138	16	18
NYU-1:AML1552	0	1	18	0	46	0	359	344	0	0	2	0	0	0	1	1	0	0	1	0	2	0	0	8	1	99	0	1	0	1156	1	0	0	0	0	0	2	3	0	1	0	0	0	0	0	5	0	0	0	5	4	27	0	0	0	0	0	0	0	176	0	15	0	0	0	0	0	0	0	2	0	0	49	26	0	0	0	0	0	0	1	0	1	0	0	0	0	2	0	1
NYU-1:AML2123	0	0	184	14	0	0	110	173	0	15	6	6	1	8	21	20	27	106	97	10	490	1	4	38	4	53	3	57	67	40	9	1	1	0	0	0	0	21	4	9	1	6	2	13	1	581	9	0	0	1	3	176	2	3	13	0	1	1	0	106	17	3	4	14	0	0	0	0	0	0	0	0	47	61	0	7	0	0	2	4	5	0	1	0	4	3	2	0	1	5
NYU-1:AML22-Decitabine	0	0	166	80	0	0	14	85	0	101	0	1	1	0	0	1	0	5	11	6	64	0	0	15	5	90	761	252	5	48	0	2	0	0	0	0	22	160	17	5	0	245	37	0	0	2239	0	0	1	17	42	293	392	133	162	1	2	2	5	352	1	12	0	8	0	0	0	0	0	0	0	0	0	8	1	6	0	0	3	3	3	1	58	4	1	4	0	0	0	807
NYU-1:AML2451	0	0	292	10	13	0	130	186	0	63	1	1	0	2	2	0	1	7	0	0	33	0	3	1810	25	1764	0	7	100	116	16	9	0	0	0	0	6	24	0	3	0	1	0	6	0	152	0	0	0	84	454	683	0	0	3	0	2	16	14	125	2	270	0	11	1	0	0	0	0	0	1	0	38	19	0	0	0	0	28	2	7	6	2	0	2	0	1	4	0	14
NYU-1:AML2910	0	37	61	8	2	0	18	22	79	44	0	2	0	1	9	4	8	21	10	0	6	0	0	273	879	1040	3	427	508	7	196	187	193	29	11	119	2	10	1	5	0	0	1	84	1	77	0	0	0	14	363	653	4	0	343	54	7	19	6	19	0	101	1	20	2	1	1	3	41	13	2	1	2	7	0	0	1	1	185	402	1971	13	0	1	1767	1	109	136	103	0
NYU-1:AML3050	0	2	106	10	21	0	87	113	45	78	15	6	0	20	13	19	48	93	27	1	38	5	16	410	49	171	3	11	12	55	33	3	2	1	1	2	9	10	14	8	0	5	0	29	1	25	2	0	0	675	70	383	3	1	6	1	85	101	868	56	5	103	1	65	6	0	0	0	3	9	5	1	41	46	0	5	0	1	14	23	35	851	5	2	23	2	2	98	11	4
NYU-1:AML3133	0	0	418	2	3	0	1105	268	0	23	0	0	0	1	4	6	1	18	25	3	99	7	12	460	92	194	16	28	51	118	7	4	0	0	0	0	11	26	3	2	1	1	0	11	0	129	0	0	0	12	32	128	39	11	16	1	3	4	15	255	0	501	0	15	0	0	0	0	0	0	0	0	392	69	0	4	0	1	19	2	5	4	5	0	1	0	0	12	0	35
NYU-1:AML3730	0	3	149	0	0	0	10	29	8	109	0	0	0	0	0	0	0	0	0	0	8	0	0	322	999	1575	0	10	178	5	42	282	13	0	0	4	2	1	3	1	1	0	1	0	0	14	10	0	1	19	300	158	1	1	195	10	0	52	5	54	0	456	0	8	0	1	2	0	4	4	5	1	49	17	0	1	0	0	162	33	57	7	0	0	7	1	17	306	12	0
NYU-1:AML3762	0	0	50	2	4	0	387	524	5	13	14	17	2	22	50	16	11	86	202	32	2643	6	5	50	8	154	21	1466	1916	73	65	3	0	0	0	0	220	571	16	53	1	8	2	1667	71	4068	0	0	0	15	18	2086	5	18	586	2	8	13	14	134	2	8	0	11	0	0	0	0	1	0	0	0	55	89	0	2	0	0	8	10	15	11	0	0	0	0	0	5	0	1
NYU-1:AML3948	0	0	176	37	29	0	47	171	0	108	1	0	1	1	0	0	0	1	1	2	23	8	18	759	89	214	42	29	2	56	12	61	0	0	0	1	21	9	4	18	2	2	1	27	4	509	0	0	0	413	140	5676	829	119	145	3	483	638	1556	83	4	84	0	35	0	0	0	0	0	1	0	0	10	8	0	1	0	0	23	14	31	210	18	61	43	0	3	57	1	323
NYU-1:AML4340	0	2	236	6	0	0	975	765	0	18	1	0	0	1	0	1	1	1	2	0	11	0	2	83	114	136	17	62	75	461	4	3	1	0	0	2	1	13	0	0	0	0	0	77	12	60	0	0	0	9	39	112	38	2	4	0	15	18	21	951	3	24	0	13	0	0	0	0	0	1	0	0	260	19	0	2	0	0	7	11	31	3	0	1	57	0	2	4	1	11
NYU-1:AML4897	0	0	645	2	0	0	217	998	1	0	1	0	0	2	0	0	0	4	2	0	35	1	0	124	1	12	0	0	0	109	0	0	0	0	0	0	5	35	0	1	3	13	2	0	0	75	0	0	0	0	2	115	0	0	2	0	0	0	1	539	0	181	0	7	0	0	0	0	0	0	0	0	215	61	0	0	0	0	0	0	1	0	0	0	1	0	0	0	0	0
NYU-1:AML52-Azacitidine	0	1	55	25	0	0	2	4	0	31	8	6	29	7	0	5	1	4	24	18	57	0	0	9	8	59	10	2	0	4	1	4	0	1	0	0	9	1630	8	47	1	7795	1493	0	0	87	0	0	1	1	6	11	9	0	3	0	1	0	0	60	0	4	0	1	0	0	0	0	0	0	0	0	0	1	0	0	0	0	2	1	1	1	1	0	0	1	0	0	2	13
NYU-1:AML5292	0	0	8	2	824	0	55	13	0	46	0	0	0	0	1	1	0	1	4	0	0	1	0	91	247	134	104	80	2	14	5	42	0	0	0	0	67	498	0	6	0	0	1	0	0	699	0	0	0	10	54	195	1313	171	67	8	12	110	14	11	0	78	0	1	0	0	0	0	0	0	0	0	2	7	0	1	0	0	31	82	155	4	3	0	0	0	1	2	13	111
NYU-1:Control0004	0	4	461	3	0	0	641	708	2	77	7	4	0	1	7	1	7	11	0	0	3	0	2	788	130	237	0	3	5	396	6	1	3	1	0	2	2	11	6	4	0	1	0	9	0	19	0	0	0	9	69	35	1	1	3	0	1	1	3	1471	0	166	0	8	0	0	0	0	0	3	1	0	312	59	0	11	0	0	2	21	116	4	0	0	38	2	1	2	5	6
NYU-1:Control0005	0	20	1033	289	3	0	341	964	27	1578	40	24	3	23	33	7	27	36	16	0	1	1	2	2118	493	1207	6	78	335	202	36	24	20	18	3	31	20	56	21	36	1	9	0	52	0	88	0	0	1	47	536	31	42	13	67	26	11	21	15	648	0	227	6	27	4	0	2	4	6	6	2	0	2	354	0	191	7	0	30	215	48	36	5	1	151	71	29	33	34	79
NYU-1:Control0058	0	8	1969	23	2	0	385	181	6	42	1	1	0	1	8	2	4	9	7	2	79	1	0	645	197	220	3	3	5	395	7	2	4	1	0	2	0	0	0	8	0	0	0	4	0	7	0	0	0	14	27	65	3	1	6	1	0	6	11	347	1	105	0	6	7	0	8	4	2	10	8	0	473	299	0	124	10	2	7	28	125	3	1	0	8	29	4	3	1	2
NYU-1:Control0082	0	14	2356	143	0	0	135	144	1	1139	13	12	7	7	13	7	24	10	9	13	89	0	0	1985	448	1202	37	44	3	185	5	2	5	3	0	6	7	161	9	16	0	316	38	3	2	154	0	0	0	34	256	55	28	4	14	4	2	8	7	504	1	75	2	6	6	0	8	4	9	15	18	1	0	13	0	12	31	0	7	114	157	23	5	0	43	290	11	2	18	38
NYU-1:Control1	0	5	1347	26	6	1	425	264	12	278	42	8	0	8	15	24	39	44	2	1	23	4	9	1178	214	230	12	11	13	195	5	3	3	2	0	4	4	39	8	5	0	6	0	24	2	22	0	0	0	28	148	14	8	2	6	5	6	4	7	99	0	127	0	105	11	0	35	2	0	17	5	0	816	647	0	212	18	2	3	16	136	13	13	0	82	247	7	4	7	12
NYU-1:Control2	0	2	752	4	2	0	204	170	9	209	12	7	0	4	17	19	26	38	4	2	23	0	4	1336	403	183	10	7	4	69	7	1	2	0	2	3	3	21	3	7	3	5	2	18	2	29	0	1	0	13	93	9	2	2	6	1	1	3	1	309	0	495	0	25	7	0	15	1	0	21	9	0	72	138	0	18	13	1	5	21	288	13	3	0	79	155	5	3	13	5
NYU-1:Control3	0	3	1081	168	2	0	822	1116	2	230	14	5	0	9	17	5	16	35	2	1	33	3	14	930	251	70	2	3	5	529	8	1	4	2	0	2	9	16	9	4	0	6	1	21	1	14	0	0	0	10	91	1	6	1	5	3	1	5	2	1049	2	381	2	33	5	0	2	1	0	1	1	0	76	551	1	130	7	0	3	34	139	7	3	0	15	36	10	4	11	9
NYU-1:Control4	0	5	1766	672	7	0	153	380	6	997	25	9	0	13	14	29	45	149	97	9	37	2	1	829	521	161	9	13	10	150	12	4	11	2	0	4	4	19	9	2	4	7	2	46	0	48	0	0	1	21	178	9	4	3	7	10	8	7	12	504	0	208	5	78	22	3	19	4	0	24	46	0	7	727	3	566	18	0	13	54	31	13	0	0	93	649	10	3	6	4
NYU-1:Control4003	0	11	446	140	5	1	897	575	7	396	6	8	3	1	3	2	7	22	16	0	0	2	2	2399	1408	342	8	42	6	325	4	38	3	1	1	2	6	20	0	2	15	5	0	27	1	98	0	0	0	20	125	52	218	24	12	7	3	91	16	1753	0	1424	4	29	2	0	1	1	1	3	3	0	2	255	31	46	4	0	12	131	129	13	6	0	90	15	2	6	32	23
NYU-1:ETP9153	0	0	849	76	2	0	29	48	12	35	0	0	0	0	1	1	2	13	1	0	13	0	0	10	53	100	0	13	469	27	936	2	1	0	0	0	14	33	8	13	0	1	0	0	0	708	0	0	0	0	4	38	0	0	15	4	1	0	0	162	3	65	0	2	0	0	4	0	0	0	2	0	10	26	0	8	0	0	1	5	2	0	0	0	2	6	0	1	0	1
NYU-1:HTO2-SRR16208954	0	4	262	370	0	0	275	275	1	105	4	1	0	2	2	2	2	2	1	0	1	0	0	493	168	86	9	10	3	76	1	1	0	0	0	0	2	6	2	0	0	1	0	0	0	53	0	0	0	2	22	7	7	0	1	4	1	5	12	668	0	75	1	6	0	0	0	0	0	1	0	0	1	80	0	12	0	0	8	34	31	3	0	0	3	0	3	7	4	2
NYU-1:HTO2-SRR16208955	0	6	293	423	1	0	348	292	0	122	1	2	1	1	3	5	7	2	2	1	2	0	0	531	191	131	11	20	9	68	1	2	1	0	0	1	0	4	3	1	0	1	0	1	0	43	0	0	0	10	25	20	7	4	1	0	2	9	11	729	0	88	1	9	0	0	0	0	0	1	0	0	3	91	0	13	0	0	2	42	32	2	0	0	4	0	7	9	7	3
NYU-1:HTO2-SRR16208956	0	23	3	0	2	0	312	343	0	48	29	21	5	21	31	41	34	75	46	12	498	0	0	2017	40	141	5	1	0	83	7	2	8	2	3	2	6	23	8	8	1	6	0	2	0	11	1	0	2	10	27	16	5	0	0	0	2	9	13	763	8	986	0	3	0	0	0	0	0	1	1	0	53	41	1	3	0	0	6	31	348	10	1	0	68	0	17	5	31	9
NYU-1:HTO3-SRR16208954	0	0	441	13	0	0	672	358	0	11	1	0	0	1	0	0	0	3	0	0	4	0	5	975	15	72	0	1	1	174	1	0	0	0	0	0	1	0	0	1	1	0	0	1	0	0	0	0	0	1	2	10	0	0	0	0	0	1	2	401	1	84	1	0	0	0	0	0	0	0	0	0	96	16	0	0	0	0	1	0	16	0	0	0	2	0	0	1	0	0
NYU-1:HTO3-SRR16208955	0	0	527	19	0	0	765	408	0	5	1	1	0	3	0	1	2	2	1	0	1	0	1	1165	23	104	0	2	1	226	1	0	1	0	0	0	0	1	0	0	0	0	0	1	0	2	0	0	0	1	1	6	0	0	0	0	0	0	0	453	1	90	0	1	0	0	0	0	0	0	0	0	105	15	0	1	0	0	3	3	15	0	0	0	0	0	0	0	0	1
NYU-1:HTO5-SRR16208954	0	1	158	26	3	0	991	824	0	5	0	0	0	0	0	1	2	6	2	0	4	0	0	83	9	22	0	0	2	131	2	0	0	0	0	0	5	0	0	0	2	0	0	0	0	0	0	0	1	0	4	7	0	0	1	0	0	0	1	1055	0	13	1	10	0	0	0	0	0	1	0	0	68	115	0	3	0	0	1	5	27	0	0	0	6	0	8	3	2	0
NYU-1:HTO5-SRR16208955	0	1	179	32	2	0	1143	819	0	7	1	0	0	0	1	1	3	4	0	0	3	0	0	103	22	13	0	1	2	145	2	0	0	1	0	2	1	0	0	0	3	0	0	1	0	1	0	0	1	0	6	5	0	0	0	0	0	0	0	1115	0	8	0	11	0	0	0	0	0	0	0	0	70	111	0	1	0	0	1	4	27	1	0	0	8	0	3	2	2	0
NYU-1:HTO6-SRR16208954	0	1	121	13	1	0	254	558	0	10	2	0	0	4	4	8	4	9	3	0	5	0	0	203	58	59	0	0	1	58	1	0	0	0	1	0	2	1	0	0	0	3	0	1	0	3	0	0	0	0	1	6	0	0	0	0	1	0	0	558	6	26	0	14	0	0	0	0	0	0	0	0	22	21	0	1	0	0	1	8	42	1	0	0	10	0	6	2	1	0
NYU-1:HTO6-SRR16208955	0	10	141	22	3	0	275	607	0	15	1	1	0	1	1	3	7	10	5	1	5	0	1	213	61	64	0	1	0	93	2	0	0	0	1	1	0	2	1	1	0	2	1	0	0	3	0	0	0	1	6	9	0	1	0	0	0	0	1	598	6	47	2	14	0	0	0	0	0	1	0	0	26	18	0	2	0	0	0	13	49	0	0	0	9	0	7	1	4	1
NYU-1:MDS1123	0	0	25	7	22	0	61	108	2	31	1	1	0	2	3	3	15	26	8	0	1	0	0	71	57	108	21	20	7	22	7	19	3	0	1	1	2	16	1	2	0	1	0	11	3	140	0	0	0	23	57	71	370	29	20	5	8	62	8	211	33	25	3	42	0	0	1	0	0	0	1	0	0	25	0	5	0	0	11	19	11	1	3	0	42	0	1	3	2	35
NYU-1:MDS585	0	3	29	2	40	0	110	121	0	62	27	4	6	2	5	9	8	72	22	1	0	1	17	126	67	254	21	29	7	81	24	25	4	0	0	0	9	48	11	15	2	8	1	27	4	252	0	0	0	17	80	180	495	52	21	12	3	125	6	109	3	49	0	30	0	0	0	0	0	1	0	0	30	61	1	5	0	0	30	22	67	1	5	0	10	1	4	8	14	51
NYU-1:NA-SRR16208928	0	1	18	9	4	0	211	128	9	64	0	1	0	0	1	3	7	21	10	2	13	0	0	293	376	704	0	106	25	172	15	15	7	0	0	0	3	7	0	1	0	0	0	62	0	92	0	0	0	12	38	66	1	0	17	1	0	5	4	191	0	106	0	21	1	0	1	0	1	2	2	0	3	202	0	8	0	0	139	171	61	4	0	1	5	0	20	44	74	2
NYU-1:NA-SRR16208929	0	0	17	6	10	0	188	114	4	58	1	0	0	3	2	1	4	17	8	0	14	0	0	331	396	703	6	88	16	139	14	12	2	1	0	1	4	8	2	1	0	0	0	61	3	71	0	0	0	10	32	76	1	0	11	1	0	3	3	191	0	92	0	19	2	0	0	1	1	3	3	0	3	146	0	5	0	0	149	148	70	8	0	0	11	0	14	37	90	2
NYU-1:NA-SRR16208930	0	1	53	0	14	0	34	49	60	382	7	6	0	11	28	18	86	207	134	12	207	0	0	387	108	300	19	118	51	21	14	135	11	3	2	23	83	21	31	12	0	14	4	13	2	1379	0	0	1	70	284	641	225	53	169	27	95	32	37	53	7	163	1	5	31	1	51	20	32	19	91	0	10	33	0	10	30	3	24	55	102	66	67	3	132	250	33	15	16	471
NYU-1:NA-SRR16208931	0	7	46	1	10	0	25	38	49	338	9	6	0	5	23	18	93	180	168	11	200	0	0	416	99	325	34	96	47	19	21	139	17	7	4	24	84	35	14	16	1	24	7	11	1	1324	1	0	0	55	285	614	242	65	176	18	85	39	22	46	4	160	2	8	46	1	56	17	37	26	89	0	2	24	1	7	18	0	32	57	112	80	78	2	127	245	27	15	17	483
NYU-1:NA-SRR16208932	0	5	51	0	6	0	31	32	63	373	8	3	0	10	37	17	81	191	154	8	198	0	0	354	104	310	45	97	40	10	26	126	14	6	0	20	99	24	25	19	1	20	1	11	2	1378	2	0	1	74	273	594	228	51	164	26	82	39	30	51	4	135	3	8	39	5	58	22	37	26	81	0	11	24	0	9	25	2	20	50	108	78	79	4	123	199	30	12	12	495
NYU-1:PAUMTZ	0	0	272	6	23	0	20	10	2	1	1	0	0	0	0	0	4	1	6	4	21	1	0	41	10	76	1	3	4	9	1	4	1	1	1	0	5	4	3	4	0	0	0	1	0	101	0	0	0	111	40	1276	110	10	7	0	68	32	185	14	0	25	0	0	0	0	1	0	0	0	3	0	4	17	0	2	4	0	12	5	12	8	5	0	1	7	3	0	1	349
NYU-1:PAUMTZ-EoT	0	1	11	0	0	0	4	5	19	11	0	0	0	3	0	0	0	3	0	0	18	0	0	264	59	106	0	0	3	6	2	1	1	1	2	3	1	0	0	0	0	0	0	2	0	2	0	0	0	0	7	33	2	0	3	1	0	1	0	6	23	127	0	0	4	0	37	8	2	7	25	0	3	1	0	0	2	0	1	1	47	0	0	0	2	6	7	1	4	0
NYU-1:PAUMTZ-Relapse	0	3	811	44	3	0	26	16	2	28	0	0	0	0	1	1	3	3	1	3	24	0	0	74	52	73	1	9	2	22	0	0	3	1	1	4	2	0	1	1	0	0	0	2	0	11	0	0	0	1	12	21	13	4	7	3	0	1	2	60	1	46	6	0	8	1	16	0	7	21	35	0	1	22	0	9	31	0	6	15	20	0	0	0	11	150	2	0	7	4
NYU-1:PAWWEE	0	0	17	1	22	0	6	2	14	7	0	0	0	0	3	2	5	12	10	1	28	0	0	13	3	26	2	7	24	0	7	8	0	1	0	0	3	15	2	4	0	0	0	0	0	169	0	0	0	11	8	590	45	2	17	3	14	10	5	6	0	12	0	0	0	0	10	1	1	0	2	0	1	3	0	0	0	0	3	0	4	1	2	0	3	6	0	0	0	35
NYU-1:PAXMIJ	0	1	138	4	4	0	22	8	4	90	1	1	0	1	2	3	2	1	3	2	63	0	0	80	70	732	0	0	8	17	5	8	3	0	0	1	1	16	2	2	1	5	0	0	0	24	0	0	0	104	260	91	2	0	0	0	1	24	35	38	0	41	0	0	0	0	3	0	0	3	4	0	19	51	0	4	8	0	22	14	11	14	0	0	4	22	0	9	0	4
NYU-1:PAXMIJ-EoT	0	7	4	0	0	0	65	29	9	68	4	0	0	1	7	1	2	3	3	0	17	0	0	1049	242	143	0	0	5	52	3	0	2	0	2	2	1	4	1	1	1	5	0	0	0	0	0	0	0	4	29	24	3	0	4	2	1	3	3	26	3	726	1	3	4	0	10	2	3	6	7	0	12	28	0	11	1	1	1	11	74	11	1	0	22	5	1	2	2	6
NYU-1:PAXMIJ-Relapse	0	1	273	5	9	0	21	21	4	6	0	0	0	1	3	0	4	4	1	2	45	1	0	22	20	242	0	3	8	25	46	15	2	0	0	0	5	9	2	4	0	0	0	0	0	51	0	0	0	222	241	363	2	0	1	0	0	151	139	31	2	19	2	2	2	0	5	1	0	3	3	0	9	23	0	7	2	0	129	6	10	12	1	0	3	18	1	23	3	8
NYU-1:PR-TotalSeqA	0	0	447	47	6	0	26	181	0	1142	4	3	4	6	10	3	5	11	3	5	119	0	0	6053	962	846	15	22	11	36	2	9	4	2	0	3	6	44	20	15	0	5	0	0	0	34	0	0	0	4	127	84	12	1	2	1	1	8	10	334	1	152	2	8	0	0	0	0	0	0	0	0	3	13	0	2	0	0	7	20	25	2	0	0	21	0	2	1	0	2
NYU-1:R1-TotalSeqA	0	8	2209	262	5	0	208	1033	12	436	2	12	7	4	11	15	32	30	15	8	772	0	0	1545	224	245	9	53	36	216	25	13	20	2	1	9	14	40	12	10	0	9	0	47	11	95	3	0	1	0	41	47	2	6	14	5	0	2	0	1356	23	425	3	27	0	0	3	2	1	0	1	0	9	32	1	1	2	0	8	50	46	0	0	0	76	10	21	18	12	0
NYU-1:R2-TotalSeqA	0	12	123	19	1	0	184	661	0	53	0	1	2	1	2	4	5	6	45	15	100	0	0	115	94	192	515	1815	1739	231	190	475	2	0	0	0	21	189	9	63	1	16	2	36	32	2021	0	0	0	3	5	731	89	37	133	280	2	3	1	463	0	38	0	1	1	0	0	1	0	0	0	0	209	46	1	2	0	0	40	9	1	0	0	0	2	2	0	3	7	8
NYU-1:TALL3783	0	0	25	0	0	0	165	62	152	31	0	0	0	1	0	0	4	5	4	0	24	0	0	30	32	39	0	2	95	410	358	0	0	0	0	0	3	1	0	2	0	0	0	0	0	4	1	0	0	0	3	8	0	0	6	0	0	1	0	130	0	56	1	4	3	0	48	1	9	49	8	0	48	137	0	17	0	14	0	0	3	0	0	0	2	6	1	1	0	0
NYU-1:TALL3862	0	5	148	5	1	0	132	133	90	302	4	5	0	3	2	3	6	13	7	1	233	0	6	474	197	109	0	3	41	53	54	2	7	0	0	2	0	1	8	15	0	0	0	11	0	10	1	0	0	3	26	9	1	1	0	0	0	1	0	83	0	330	0	4	1	0	37	0	7	10	13	0	40	165	2	13	1	0	1	26	43	1	0	0	46	2	10	5	16	1
NYU-1:TALL4954	0	0	69	0	9	0	80	53	1585	3	0	1	0	0	5	2	2	15	15	1	38	1	0	37	13	100	57	283	617	43	544	36	1	1	0	2	94	57	32	27	0	1	0	2	2	1901	3	0	0	14	2	3812	645	90	635	13	12	14	27	99	2	38	1	5	398	0	241	28	132	333	119	0	25	61	0	9	9	0	17	8	13	3	3	0	10	59	2	5	3	166
NYU-1:empty	0	5	858	70	9	0	308	681	123	451	14	11	1	6	10	12	29	59	70	15	163	0	0	1634	250	522	16	36	53	204	73	43	6	7	1	6	12	30	8	12	1	3	1	26	1	179	1	0	0	30	157	218	33	7	51	10	13	16	8	755	30	413	2	31	36	3	40	9	7	24	28	0	178	356	7	90	25	0	52	46	94	27	12	0	116	95	7	9	20	22
NYU-1:hashtag2-SRR16208949	0	0	87	62	1	0	41	105	0	122	2	9	2	5	5	6	20	27	13	1	60	0	0	334	75	60	1	3	1	16	1	2	0	0	0	0	2	6	3	3	0	3	0	4	0	9	0	0	1	3	8	2	0	0	1	1	0	1	0	252	84	37	4	18	0	0	1	0	0	0	0	0	1	27	0	3	3	0	0	11	16	3	0	1	9	8	1	1	1	0
NYU-1:hashtag2-SRR16208950	0	0	86	56	0	0	40	112	0	141	2	14	2	3	1	8	18	23	18	2	58	1	0	316	84	73	0	2	1	14	1	1	0	0	0	1	1	1	4	1	0	3	2	6	0	10	0	0	1	0	12	1	0	1	0	0	1	1	0	234	72	37	7	19	0	0	1	0	0	0	0	0	1	16	1	5	0	0	1	11	8	0	1	0	13	3	0	1	0	2
NYU-1:hashtag2-SRR16208957	0	4	575	2	0	0	177	388	1	28	6	6	0	2	6	0	16	23	4	1	58	0	0	205	17	26	1	7	3	163	2	0	2	0	0	3	33	6	5	2	3	1	0	3	0	44	1	0	0	0	15	26	0	1	15	0	1	0	5	238	0	36	0	14	2	0	1	0	0	4	1	2	90	84	0	5	0	0	1	3	38	3	3	0	18	0	2	3	1	3
NYU-1:hashtag2-SRR16208958	0	0	102	9	1	0	13	15	6	4	2	1	0	0	1	2	1	6	15	0	1	0	0	9	2	140	0	6	274	7	35	1	1	0	0	0	3	4	1	8	0	0	0	6	0	50	0	0	0	0	4	29	1	0	13	8	0	0	0	21	0	1	2	7	0	0	1	0	0	0	0	0	0	44	0	10	0	0	4	2	2	1	0	0	34	0	0	0	1	0
NYU-1:hashtag2-SRR16208964	0	0	136	16	0	0	25	30	6	18	2	0	0	0	1	1	3	5	8	0	2	1	0	19	4	17	0	11	636	6	33	5	2	0	1	0	3	3	3	3	0	0	0	3	0	59	0	0	0	0	2	26	2	0	16	6	0	1	1	39	0	4	3	13	1	0	2	0	0	0	0	0	0	74	0	18	0	0	3	7	1	0	0	0	36	1	1	1	2	1
NYU-1:hashtag2-SRR16208965	0	0	7	0	25	0	1	16	0	0	20	8	0	2	1	0	2	13	1	0	1	1	1	8	1	7	2	19	267	10	22	1	0	0	0	0	102	627	6	30	0	20	5	0	0	330	0	0	0	1	0	717	2	0	79	4	1	0	2	15	0	61	0	26	0	0	1	0	0	0	0	0	4	4	0	1	0	0	1	2	3	2	0	0	2	1	0	2	0	0
NYU-1:hashtag2-SRR16208966	0	0	5	1	14	0	10	19	0	0	39	10	0	3	8	2	5	10	1	0	0	0	0	21	2	11	0	29	272	7	26	2	0	0	0	0	102	608	7	22	0	32	9	0	0	302	0	1	0	2	1	805	0	0	111	3	2	0	1	14	0	54	0	27	0	0	0	0	0	0	0	0	5	5	0	0	0	0	0	1	4	0	0	1	2	0	0	0	1	1
NYU-1:hashtag2-SRR16208967	0	0	5	0	8	1	7	20	0	0	26	12	0	3	2	0	3	3	2	0	1	0	0	24	0	10	0	34	247	6	21	1	0	0	0	0	115	607	4	21	0	17	5	1	0	316	0	1	0	0	2	712	0	0	84	3	1	0	0	10	0	38	0	27	0	0	0	0	0	0	0	0	4	0	0	1	0	0	0	5	3	0	0	1	3	0	0	0	0	0
NYU-1:hashtag3-SRR16208949	0	0	79	2	0	0	39	148	0	6	3	2	0	0	1	2	5	18	28	2	61	0	3	18	0	14	0	1	1	35	0	0	1	0	1	0	0	2	2	3	0	0	0	3	0	3	0	0	0	0	0	4	0	0	0	0	0	0	0	79	29	4	0	1	0	0	0	0	0	0	0	0	61	25	0	1	1	0	1	1	8	0	0	0	6	0	0	1	0	2
NYU-1:hashtag3-SRR16208950	0	0	68	2	0	0	25	130	0	8	2	1	0	2	1	1	7	20	20	7	75	0	5	21	1	14	0	2	2	29	0	0	0	0	0	0	0	0	0	2	1	0	0	4	0	9	0	0	0	0	0	4	0	0	0	0	3	0	0	87	20	8	0	0	0	0	0	0	0	0	0	0	53	30	0	0	0	0	1	0	5	0	0	0	8	1	0	0	0	0
NYU-1:hashtag3-SRR16208957	0	0	616	49	0	0	368	1477	0	3	0	0	0	0	4	0	3	4	2	0	29	0	0	21	3	8	0	0	0	153	0	0	0	0	0	0	3	0	0	0	1	1	0	0	0	13	0	0	2	0	0	5	0	0	1	0	0	0	0	821	0	8	0	8	0	0	0	0	0	7	0	0	527	520	0	8	0	0	0	1	2	0	0	0	1	0	0	0	0	2
NYU-1:hashtag3-SRR16208959	0	0	435	227	27	0	18	51	0	0	9	4	1	0	1	0	0	1	2	2	46	0	0	0	0	2	0	4	26	46	32	25	0	0	1	1	4	53	1	13	0	0	0	7	0	108	0	0	0	0	1	64	0	0	1	1	0	0	0	337	0	4	0	13	0	0	1	0	0	0	1	0	0	158	98	165	0	0	39	2	0	0	0	0	2	4	1	1	8	0
NYU-1:hashtag3-SRR16208965	0	0	269	5	1	2	158	897	1	1	11	2	0	4	2	5	8	37	22	0	1	2	6	11	0	3	0	2	4	308	2	0	0	0	0	0	4	24	1	2	0	3	0	9	0	79	0	0	0	0	0	180	1	0	4	0	9	0	1	636	0	1	1	2	0	0	0	0	0	1	0	0	239	31	0	7	0	0	0	1	2	0	0	2	0	0	0	0	0	18
NYU-1:hashtag3-SRR16208966	0	0	296	4	0	1	176	939	0	0	7	2	0	2	3	9	6	50	14	1	4	0	6	9	0	0	0	5	7	345	1	0	0	0	0	0	2	32	1	3	0	1	0	4	0	62	0	0	0	0	0	185	1	0	2	0	9	0	2	648	0	3	0	1	0	0	0	0	0	0	0	0	232	42	0	5	0	0	0	0	4	0	2	0	0	0	0	0	1	19
NYU-1:hashtag3-SRR16208967	0	0	278	4	1	0	195	978	0	0	8	2	0	4	3	8	8	30	11	0	1	1	7	13	2	2	0	3	10	325	2	0	0	0	0	0	4	33	6	0	0	2	0	7	0	61	0	0	0	0	0	169	1	0	1	2	10	0	3	580	0	3	0	3	0	0	0	0	0	0	0	0	258	38	0	3	0	0	0	1	0	0	1	0	0	0	0	0	0	15
NYU-1:hashtag4-SRR16208949	0	1	152	12	0	0	72	135	0	37	5	5	0	3	7	2	17	20	15	2	43	0	2	460	31	64	1	1	2	26	2	1	0	1	0	3	0	1	2	1	0	2	1	5	0	5	1	0	0	1	6	24	1	0	1	1	0	1	2	38	93	21	0	37	0	0	0	0	0	0	0	0	24	29	0	2	0	0	0	4	21	2	0	0	7	0	0	0	1	9
NYU-1:hashtag4-SRR16208950	0	0	162	16	0	0	73	112	1	39	5	5	0	0	11	6	5	16	23	0	42	0	3	450	22	67	1	2	3	29	2	0	1	0	0	1	5	6	2	2	1	2	0	6	0	9	5	0	0	2	7	22	4	1	0	1	1	1	0	44	99	15	0	37	0	0	0	0	0	0	0	4	18	25	0	3	0	0	1	7	23	3	0	0	13	2	0	0	0	13
NYU-1:hashtag4-SRR16208958	0	0	77	59	0	0	11	11	7	17	0	1	0	0	2	3	0	2	0	0	0	0	0	29	7	295	0	6	204	4	48	4	0	0	0	0	4	0	0	5	0	0	0	0	0	22	0	0	0	2	31	49	0	0	4	2	1	20	5	43	0	12	0	1	0	0	0	0	0	0	0	0	0	10	0	0	0	0	21	7	1	2	0	0	2	2	0	1	0	0
NYU-1:hashtag4-SRR16208964	0	0	74	35	0	0	11	14	1	22	0	0	0	1	0	0	0	3	2	0	0	0	0	26	9	42	0	3	243	5	15	4	0	0	1	1	4	0	1	1	0	0	0	0	0	13	0	0	0	1	12	17	1	0	10	3	0	0	0	34	0	15	0	1	0	0	2	0	1	0	0	0	0	12	0	1	0	0	1	1	0	0	0	0	3	2	1	0	0	0
NYU-1:hashtag4-SRR16208965	0	0	37	0	1	0	13	53	0	0	7	1	0	2	3	5	11	10	7	0	3	19	5	24	1	16	0	5	51	10	19	0	0	0	0	0	6	30	0	5	0	0	0	2	0	171	0	0	0	0	0	2828	1	0	2	0	4	1	5	35	1	9	0	1	0	0	3	0	1	1	1	0	32	5	0	0	1	1	0	2	7	1	0	0	2	2	0	0	0	7
NYU-1:hashtag4-SRR16208966	0	0	38	1	3	0	18	72	0	0	3	3	0	5	5	5	10	21	6	0	4	10	1	23	0	9	1	7	56	9	12	0	0	0	0	0	2	26	1	5	0	0	0	2	0	169	0	0	0	4	3	3028	2	0	0	0	8	3	4	39	0	4	0	2	0	0	2	0	1	0	2	0	23	4	0	0	1	0	2	2	14	0	0	0	1	3	0	0	2	12
NYU-1:hashtag4-SRR16208967	0	0	31	0	2	0	21	64	0	0	6	2	0	1	5	5	10	19	3	0	3	19	3	19	0	12	0	4	32	11	10	0	0	0	0	0	3	26	1	6	0	0	0	0	0	145	0	0	0	1	1	2881	0	0	2	0	1	0	2	37	0	3	0	0	0	0	0	0	0	0	1	0	25	4	0	0	0	0	0	1	15	0	0	0	4	2	0	0	0	7
NYU-1:hashtag5-SRR16208965	0	0	55	0	1	0	44	181	0	1	2	0	0	0	2	4	11	30	10	0	7	1	6	31	0	11	13	167	55	26	12	2	2	0	0	0	4	15	1	5	0	2	0	9	2	712	0	0	0	3	6	1789	24	13	32	2	18	10	29	67	0	5	0	15	0	0	0	0	0	0	0	0	34	20	0	0	0	0	4	5	6	1	0	1	4	0	0	10	0	84
NYU-1:hashtag5-SRR16208966	0	2	48	1	0	0	40	158	1	2	0	1	0	2	6	3	17	29	10	0	2	2	2	22	1	24	12	192	72	36	6	0	1	0	0	0	7	16	3	3	0	1	0	13	1	757	0	0	0	2	5	1869	24	8	33	2	21	14	29	52	0	4	0	14	0	0	0	0	0	0	0	0	28	18	0	2	0	0	3	2	8	0	2	0	0	0	0	5	0	72
NYU-1:hashtag5-SRR16208967	0	0	42	1	1	0	41	146	0	3	1	0	0	2	1	3	5	13	4	1	2	1	3	19	0	12	8	197	62	30	3	2	1	0	0	1	6	20	1	3	0	2	0	19	0	714	0	0	0	3	4	1727	16	5	30	0	16	12	17	73	0	4	0	6	0	0	0	0	0	0	0	0	34	13	0	0	0	0	3	5	3	2	0	0	5	0	0	4	0	34
NYU-1:hashtag6-SRR16208965	0	0	64	0	0	0	41	54	2	0	5	1	0	0	2	3	4	13	4	0	3	2	2	6	0	12	0	4	412	23	116	1	0	0	0	0	2	22	1	6	0	0	0	4	0	603	0	0	0	2	2	3158	0	0	2	0	13	2	14	79	0	1	0	0	0	0	0	0	0	0	0	0	16	20	0	0	0	0	0	1	4	0	2	0	1	0	1	0	0	14
NYU-1:hashtag6-SRR16208966	0	0	51	0	3	0	36	53	0	0	5	1	0	1	0	0	3	7	4	0	5	3	0	6	0	10	2	4	437	23	136	0	0	0	0	0	2	24	2	0	0	0	0	0	0	595	1	0	0	3	1	3153	0	0	4	0	13	1	4	69	0	2	0	0	0	0	0	0	0	0	0	0	22	29	0	0	0	0	0	2	4	0	0	0	0	0	0	0	1	12
NYU-1:hashtag6-SRR16208967	0	0	66	0	2	0	48	67	0	0	3	2	0	1	0	1	5	8	4	0	3	1	2	4	0	18	0	3	367	41	82	0	0	0	0	0	2	21	1	4	0	1	0	2	0	484	0	0	0	1	0	3234	0	0	2	0	13	1	17	53	0	4	0	0	0	0	0	0	0	0	0	0	24	24	0	1	0	0	0	2	3	1	0	0	2	0	0	0	0	9
NYU-1:hashtag7-SRR16208965	0	0	0	0	0	0	0	0	0	0	0	0	0	0	0	0	0	0	0	0	0	0	1	0	0	0	0	0	0	0	0	0	0	0	0	0	0	1	0	0	0	0	0	0	0	0	0	0	0	0	0	2	0	0	0	0	0	0	0	0	0	0	0	0	0	0	0	0	0	0	0	0	0	0	0	0	0	0	0	0	0	0	0	0	0	0	0	0	0	0
NYU-1:hashtag7-SRR16208966	0	0	0	0	0	0	0	0	0	0	0	0	0	0	0	0	0	0	0	0	0	0	0	0	0	0	0	0	1	0	1	0	0	0	0	0	0	0	0	0	0	0	0	0	0	0	0	0	0	0	0	4	0	0	0	0	0	0	0	0	0	0	0	0	0	0	0	0	0	0	0	0	0	0	0	0	0	0	0	0	0	0	0	0	0	0	0	0	0	0
NYU-1:hashtag7-SRR16208967	0	0	0	0	0	0	0	0	0	0	0	0	0	0	0	0	0	0	0	0	0	0	0	0	0	0	0	0	0	0	0	0	0	0	0	0	0	0	0	0	0	0	0	0	0	0	0	0	0	0	0	0	0	0	0	0	0	0	0	1	0	0	0	0	0	0	0	0	0	0	0	0	0	0	0	0	0	0	0	0	0	0	0	0	0	0	0	0	0	0
NYU-2:AML-09	0	0	1144	97	1	0	825	1426	0	278	1	0	0	0	2	1	1	6	14	0	20	0	0	5328	1030	152	1	3	5	665	5	0	0	0	0	0	3	6	6	2	2	0	0	15	0	84	0	0	0	0	2	67	0	0	0	0	0	2	1	5231	0	2003	0	1	0	0	0	0	0	0	0	0	36	399	0	15	0	0	0	8	24	1	0	0	2	0	1	1	0	2
NYU-2:AML-11	0	2	107	49	370	4	439	1876	0	218	19	8	3	14	67	26	19	107	79	8	37	0	0	1525	356	451	59	73	7	368	6	4	2	0	1	4	273	122	68	50	0	0	0	5	2	5064	1	0	0	42	219	2253	46	26	165	0	160	17	78	2950	2	58	0	42	0	0	0	0	0	2	0	0	19	807	1	30	0	0	19	108	710	25	13	6	14	0	16	10	14	160
NYU-2:AML-16-Dx	0	0	28	27	108	0	365	127	0	511	1	2	0	3	3	1	6	11	15	12	69	0	0	316	3	495	4	50	29	38	8	7	0	0	0	1	20	100	3	6	7	5	5	0	0	390	0	0	0	19	168	105	26	5	15	1	42	15	42	55	40	32	0	8	0	0	0	0	0	2	0	0	78	33	0	1	0	0	3	0	2	48	1	3	0	0	0	12	0	15
NYU-2:AML-17-CR1	0	0	567	165	7	0	929	4864	0	3	2	0	0	0	0	0	0	0	0	0	11	0	1	21	38	5	18	21	16	387	7	1	0	0	0	0	0	53	0	0	114	6	2	3	3	62	0	0	0	0	0	2	0	0	2	23	0	0	1	1054	0	90	0	0	0	0	0	0	0	0	0	0	50	115	2	24	0	0	0	1	5	0	0	0	0	0	0	1	1	0
NYU-2:AML-17-CR2	0	0	505	173	12	0	951	4693	0	5	0	0	0	0	0	0	0	0	1	0	9	0	0	28	48	34	13	15	10	309	7	8	0	0	0	0	1	44	0	1	152	9	4	2	1	68	0	0	0	0	0	4	1	0	2	36	0	2	0	1072	0	80	0	0	0	0	0	0	0	0	0	0	26	152	6	25	0	0	5	1	5	0	0	0	0	0	0	0	0	0
NYU-2:AML-17-D1	0	0	237	3	4	0	135	975	44	0	2	0	0	0	0	0	0	0	0	0	6	16	43	2	0	5	66	433	391	193	320	2	0	0	0	0	3	53	0	2	0	0	0	413	183	2296	0	0	0	1	2	1312	13	1	0	3	6	0	3	90	0	4	0	0	1	0	11	0	0	0	0	2	45	11	0	3	0	0	0	0	3	0	0	0	0	0	0	0	1	11
NYU-2:AML-17-D2	0	0	250	7	5	0	169	992	45	0	2	0	0	0	1	0	0	0	2	1	6	17	44	3	0	1	52	460	387	205	326	2	0	0	0	0	1	72	0	1	0	0	0	436	215	2525	0	0	0	1	0	1370	11	0	5	3	5	1	3	100	0	6	0	0	0	0	23	0	0	0	0	0	43	12	0	1	0	1	0	0	6	1	0	0	0	1	0	0	0	9
NYU-2:AML-17-R1	0	0	178	144	41	1	271	3023	1	2	0	0	0	1	0	1	0	0	3	1	1	1	2	7	12	12	82	350	29	359	34	12	0	0	0	0	17	990	1	4	5	57	41	40	22	1052	0	0	0	0	0	19	22	7	6	28	0	1	0	1601	4	42	0	3	0	0	0	0	0	0	0	0	3	69	8	21	0	0	2	2	0	0	0	0	0	0	0	0	1	0
NYU-2:AML-17-R2	0	0	212	168	72	0	325	3880	0	2	0	0	0	0	0	0	0	0	1	0	8	1	4	8	9	11	99	425	58	416	40	17	0	0	0	0	14	1210	0	1	3	78	41	38	52	1345	0	0	0	0	0	11	40	7	10	32	0	7	0	2034	5	51	0	1	0	0	0	0	0	0	0	0	1	76	8	29	0	0	3	2	6	0	0	0	0	0	1	0	0	0
NYU-2:AML-19-CR1	0	10	97	346	0	0	548	887	0	70	0	0	0	0	0	0	0	0	0	0	0	0	0	3346	1127	173	4	4	4	643	0	0	0	0	0	0	3	10	0	0	6	4	0	0	0	32	0	0	0	0	0	0	0	0	7	0	0	0	0	3029	0	1505	0	10	0	0	0	0	0	0	0	0	1	182	27	32	0	0	0	112	119	0	0	0	44	0	0	0	4	0
NYU-2:AML-19-CR2	0	6	15	75	0	0	167	194	0	13	0	0	0	0	0	0	0	0	0	0	0	0	0	894	254	40	0	0	0	138	0	0	0	0	0	0	1	0	0	0	2	0	0	0	0	12	0	0	0	0	0	0	0	0	1	0	0	0	0	764	0	384	0	0	0	0	0	0	0	2	0	0	1	34	11	7	0	0	0	17	40	0	0	0	2	0	0	0	4	0
NYU-2:AML-19-Dx1	0	0	24	105	0	0	21	93	0	351	0	0	0	0	0	0	0	0	0	0	0	0	0	451	2789	220	366	711	224	61	2	132	0	0	0	0	16	34	0	0	0	0	2	4	13	1003	0	0	0	9	48	425	432	67	68	232	41	90	120	390	0	1774	0	8	0	0	0	0	0	0	0	0	0	13	0	4	0	0	43	38	4	12	5	0	0	0	1	10	11	319
NYU-2:AML-19-Dx2	0	0	29	88	0	0	15	63	0	259	0	0	0	0	0	0	0	0	0	0	0	0	0	319	2068	130	212	482	152	45	1	108	0	0	0	0	14	10	0	2	0	2	0	5	9	715	0	0	0	12	29	217	276	36	71	152	35	61	75	319	0	1265	0	2	0	0	0	0	0	0	0	0	0	12	0	3	0	0	17	20	2	4	3	0	0	0	4	7	10	194
NYU-2:AML-19-R1	0	0	71	261	3	0	83	237	0	4	17	4	0	2	0	3	0	0	2	0	0	1	5	8	27	10	62	1434	239	171	7	114	2	0	0	0	412	1365	0	52	5	380	83	52	26	4118	0	0	0	0	5	834	237	97	296	30	2	28	8	1003	0	412	0	0	0	0	0	0	0	0	0	0	0	49	9	11	0	0	12	9	0	0	2	0	36	0	0	5	6	55
NYU-2:AML-19-R2	0	0	62	336	5	0	112	208	0	12	8	2	3	5	1	6	0	0	2	0	0	0	11	15	33	11	96	1590	191	150	5	125	1	0	0	0	321	1362	0	50	2	338	106	63	14	3645	0	0	0	0	2	644	242	118	309	49	13	43	12	949	0	374	0	0	0	0	0	1	0	0	0	0	0	38	12	9	0	0	8	5	0	1	4	0	22	0	0	0	0	55
NYU-2:AML-20-CR	0	17	2	7	4	0	493	385	1	79	8	10	65	4	23	39	64	57	10	6	272	1	210	150	147	26	65	5	4	64	6	4	3	4	6	3	18	58	8	26	4	32	11	35	175	37	0	1	3	0	7	13	31	9	5	2	2	5	0	468	0	132	0	103	0	0	0	0	0	0	0	1	3	0	9	9	0	0	1	14	36	4	8	0	207	0	1	5	5	7
NYU-2:AML-20-Dx	0	5	8	9	1	0	19	3	455	15	8	11	16	4	7	39	14	51	29	12	147	70	34	9	0	11	345	8	267	8	814	119	23	9	15	40	3	16	4	10	0	7	0	6	9	32	0	0	1	3	8	194	189	37	172	971	0	0	0	18	0	0	0	10	0	0	2	10	12	3	2	0	6	0	4	2	0	6	0	1	17	0	0	0	133	2	0	5	4	1
NYU-2:AML-20-R1	0	3	25	18	0	0	46	12	21	0	1	0	0	0	1	0	0	0	1	1	28	1	0	1	0	0	15	3	21	7	123	23	3	3	3	2	3	0	2	5	0	0	0	0	0	10	0	0	0	1	0	52	7	5	39	40	0	2	0	11	0	1	0	5	0	0	1	0	0	2	0	0	0	0	0	0	1	4	1	0	5	0	1	0	13	1	0	1	2	0
NYU-2:AML-21-CR	0	24	10	2	5	0	204	736	21	160	46	35	3	35	24	83	154	141	36	4	256	3	62	1292	167	165	9	14	6	304	2	5	2	0	1	0	2	35	8	18	2	9	4	4	14	34	0	0	0	25	104	12	20	1	3	0	5	5	6	342	0	157	0	94	22	0	14	16	8	17	16	0	20	39	5	15	21	5	2	59	501	3	3	0	158	16	8	4	26	20
NYU-2:AML-21-Dx	0	0	711	99	0	0	132	246	0	665	0	0	0	0	0	0	0	0	0	0	0	0	1	4160	1318	1391	0	0	0	119	1	1	0	0	0	0	0	2	0	0	1	2	0	1	0	2	0	1	0	29	635	69	1	0	0	0	0	0	0	83	0	1355	0	0	0	0	0	0	0	0	0	0	9	8	2	3	0	0	6	19	33	0	0	0	0	0	0	2	7	0
NYU-2:AML-21-R1	0	0	55	4	0	0	3	36	0	0	0	1	0	1	1	0	1	0	0	0	3	461	0	4	0	1	21	134	234	3	21	177	0	0	0	0	0	5	0	2	0	0	0	1	0	108	0	0	0	0	0	6472	197	59	23	19	2	7	1	6	0	6	0	1	0	0	0	0	0	0	0	0	1	0	0	0	0	0	2	0	8	0	0	0	0	0	0	0	0	120
NYU-2:AML0024	0	5	66	13	0	0	139	99	0	866	3	1	1	2	3	7	1	6	7	5	57	0	0	3936	592	1049	4	1	0	28	0	1	1	1	2	0	2	5	2	2	0	1	0	2	0	7	1	0	0	93	122	5	4	0	1	0	1	5	63	200	0	598	0	4	0	0	0	0	0	0	0	0	13	7	0	0	0	0	3	6	82	19	1	0	2	0	3	0	6	6
NYU-2:AML0048	0	11	865	186	13	0	159	782	0	1415	10	7	9	8	7	7	10	16	66	31	451	0	0	6869	1439	1074	531	1734	1275	207	96	408	4	0	0	10	47	631	26	96	1	11	1	52	35	1945	2	0	0	13	161	589	97	30	129	271	7	19	12	936	4	289	5	26	0	0	0	1	1	0	1	0	90	24	0	2	1	0	37	53	112	5	3	0	10	1	13	12	7	12
NYU-2:AML1371	0	6	459	118	1	0	2233	2882	0	39	0	0	0	0	0	1	1	1	3	2	31	0	1	452	170	34	0	3	5	367	9	8	0	0	1	0	2	2	0	1	5	0	0	0	0	11	0	0	1	5	22	51	0	0	0	0	0	4	0	4071	3	114	4	56	0	0	0	0	0	0	0	0	69	309	0	11	0	0	19	16	102	3	0	0	3	0	4	10	4	1
NYU-2:AML1896	0	1	520	5	3	0	1117	842	0	125	2	1	0	1	2	1	1	6	19	6	49	0	1	761	155	273	2	94	2130	739	128	6	1	1	0	0	4	37	2	7	0	0	0	119	0	1169	2	0	0	9	61	1125	14	0	27	6	9	12	14	763	1	370	0	97	0	0	0	0	0	0	0	0	306	237	0	28	0	0	14	20	54	9	5	2	0	1	8	1	4	14
NYU-2:AML2123	0	3	941	110	6	1	478	2654	0	264	44	33	1	21	15	39	51	168	193	21	583	36	40	1078	168	124	6	49	92	705	14	2	0	1	3	5	13	92	12	21	3	2	0	48	0	705	6	0	0	7	25	5355	9	1	18	1	31	6	16	1945	16	77	8	123	0	0	1	0	2	1	4	0	506	149	1	18	3	0	3	31	93	8	2	0	5	13	2	1	6	101
NYU-2:AML4340	0	9	1121	659	0	0	1967	1681	0	230	2	0	0	0	0	2	0	2	0	0	17	0	6	2453	440	108	30	65	41	617	4	3	0	0	0	2	0	9	1	0	0	0	0	64	12	122	0	0	0	16	78	65	37	2	0	5	17	24	39	2713	3	191	1	22	0	0	0	0	0	0	0	0	300	140	0	22	0	0	8	62	85	8	0	0	6	0	1	9	10	13
NYU-2:AML4897	0	1	1512	88	0	0	538	1718	0	32	3	0	0	0	0	0	1	4	2	1	76	0	0	314	11	24	1	5	1	243	2	0	1	0	0	3	11	22	2	1	4	1	0	4	0	103	0	0	2	0	19	86	1	0	8	0	1	0	6	852	0	166	0	31	2	0	1	0	0	4	1	2	396	164	0	7	0	0	2	3	34	3	3	0	1	1	1	3	2	3
WashU:10DD-1002__Diagnosis	0	0	0	0	13	1	108	524	1	110	2	3	0	1	3	2	11	40	40	5	296	0	2	74	85	41	136	654	137	39	12	788	2	0	0	3	26	32	7	6	0	2	1	14	92	418	0	0	0	13	49	58	347	83	237	291	26	496	50	501	3	23	0	11	0	0	0	0	0	0	0	0	0	48	76	24	0	0	93	18	29	14	19	0	10	0	1	60	3	59
WashU:10DD-1002__Treatment	0	0	0	1	58	0	50	379	0	150	1	0	1	1	4	0	1	3	0	0	14	0	0	196	124	31	30	214	38	47	7	182	0	0	0	0	106	39	6	11	0	0	0	10	18	324	0	0	1	26	41	39	199	57	108	48	36	351	62	448	2	62	0	2	0	0	0	0	0	0	0	0	0	19	65	18	0	0	33	28	38	15	33	4	3	0	0	26	1	191
WashU:10DD-1003__Diagnosis	0	1	1	5	0	0	230	113	0	129	0	0	0	0	0	0	0	0	0	0	2	0	0	35	714	107	980	113	24	72	3	4	1	0	0	0	5	169	0	5	0	0	0	37	415	510	0	0	0	0	41	3	87	37	14	17	1	1	0	593	0	87	0	6	0	0	0	0	0	0	0	0	0	123	168	26	0	0	3	285	32	1	0	0	2	0	2	4	7	21
WashU:10DD-1003__Relapse	0	0	5	73	171	0	367	789	0	180	17	36	45	8	112	0	114	36	3	0	712	0	0	0	119	60	224	31	2	77	1	12	2	0	0	1	239	242	30	100	0	7	0	8	76	195	0	0	4	22	122	5	122	78	27	10	12	9	15	235	0	39	33	455	0	0	0	0	0	0	0	0	0	149	556	71	0	0	16	67	16	7	71	0	2	0	5	5	10	206
WashU:10DD-1009__Diagnosis	0	1	24	68	25	0	134	142	9	10	0	0	0	0	0	0	1	9	27	8	27	5	5	1	104	27	114	138	22	46	0	46	0	0	0	1	30	28	1	24	0	0	0	2	3	562	0	0	0	72	23	135	3800	747	133	81	205	173	184	98	0	125	0	40	3	15	27	69	15	17	5	0	2	42	31	15	0	1	13	38	4	6	5	0	0	6	0	4	4	2495
WashU:10DD-1009__Relapse	0	0	7	14	15	0	64	134	13	0	0	0	0	0	0	0	1	0	1	0	1	1	1	1	2	0	32	147	11	18	1	39	0	0	0	0	38	16	6	71	0	0	0	0	1	499	0	0	0	18	0	294	1862	495	186	50	57	142	61	164	0	4	0	3	3	11	29	34	14	3	3	0	0	11	1	0	0	0	6	1	0	2	1	0	0	4	0	2	1	641
WashU:10DD-1010__Diagnosis	0	0	2	7	0	0	58	64	0	92	0	0	0	0	0	0	8	8	1	2	36	0	0	53	22	49	318	25	117	18	19	24	0	0	0	1	4	13	1	0	0	2	0	0	13	63	0	1	0	78	104	75	1057	193	118	307	90	83	119	18	31	5	12	72	0	0	0	0	0	0	0	0	2	23	43	14	0	0	23	18	1	49	2	8	0	0	3	18	2	36
WashU:10DD-1010__Relapse	0	1	6	75	7	0	662	928	2	164	7	5	10	6	28	19	91	255	209	43	110	4	27	27	98	12	465	40	8	121	2	2	1	0	0	0	29	25	13	10	0	52	21	24	32	64	0	0	16	20	53	17	372	50	51	156	39	21	81	320	2	92	16	206	1	2	3	1	1	1	0	0	10	115	235	77	0	0	2	3	21	9	4	1	47	1	4	2	5	43
WashU:10DD-1014__Diagnosis	0	0	0	14	2	0	69	62	0	456	4	6	5	4	22	7	15	16	5	2	49	0	4	275	222	221	28	16	2	14	1	1	0	0	0	1	10	18	15	14	4	4	0	7	6	12	0	0	0	0	30	1	5	5	9	6	0	1	0	462	0	39	0	4	0	0	0	0	0	0	0	0	0	44	25	10	0	0	4	9	0	0	0	0	1	0	1	3	0	3
WashU:10DD-1014__Treatment	0	0	0	19	6	0	64	87	0	110	1	5	2	0	4	0	3	6	4	1	3	3	2	56	46	52	22	10	1	16	5	4	1	0	0	1	14	6	5	5	0	10	0	0	2	10	0	0	0	1	40	9	16	2	7	3	1	3	0	314	0	4	0	20	0	0	0	0	0	0	0	0	0	66	25	12	0	0	9	16	2	4	10	1	2	0	1	4	1	27
WashU:10DD-1051__Diagnosis	0	0	22	11	13	0	100	70	0	475	0	0	0	0	0	0	0	8	12	19	12	0	1	479	593	80	20	0	0	40	1	8	0	0	0	0	6	161	3	0	0	26	14	0	0	66	0	0	2	33	185	13	99	15	32	7	44	9	11	65	0	102	0	7	0	0	0	0	0	0	0	0	1	30	38	21	0	0	14	17	5	34	14	2	0	0	3	11	5	157
WashU:10DD-1051__Treatment	0	0	29	82	18	0	100	126	0	339	0	0	1	0	0	1	0	7	8	20	5	0	0	736	522	24	8	1	1	17	2	12	0	0	0	0	10	134	3	0	2	28	16	0	0	45	0	0	0	7	13	1	51	11	16	4	24	5	6	199	3	84	1	4	0	0	0	0	0	0	0	0	0	74	239	115	0	0	1	6	7	8	21	0	0	0	3	12	2	111
WashU:10DD-1058__Diagnosis	0	0	6	49	101	0	110	131	0	125	50	34	11	10	12	11	18	27	13	4	38	0	0	123	434	11	142	5	2	36	5	21	0	0	0	0	8	546	9	72	3	37	9	0	0	312	0	0	0	13	39	3	501	9	17	16	69	18	35	304	0	17	0	15	0	0	0	0	0	0	0	0	0	38	122	16	0	0	0	2	8	12	1	3	0	0	0	4	0	10
WashU:10DD-1058__Treatment	0	0	6	33	82	0	57	164	0	60	17	37	26	35	36	30	21	84	7	2	5	0	0	27	31	3	16	3	0	31	1	7	0	0	0	0	41	108	23	29	3	15	8	0	1	76	0	0	0	6	11	4	130	23	19	4	66	10	15	77	5	4	0	11	0	0	0	0	0	0	0	0	1	13	33	5	0	0	1	0	2	11	14	4	0	0	0	0	0	37
WashU:10DD-1061__Diagnosis	0	1	5	21	13	0	34	98	96	1076	14	19	17	15	6	6	4	15	1	0	7	0	0	675	574	16	103	13	13	10	21	40	36	54	31	103	10	23	8	11	0	0	0	3	32	23	0	0	0	57	308	6	56	25	56	52	8	16	25	166	0	43	0	6	1	0	1	8	4	3	0	0	0	8	16	0	0	0	8	42	21	69	22	1	350	0	34	10	5	46
WashU:10DD-1061__Relapse	0	3	3	20	6	0	47	159	10	1355	23	50	13	29	10	20	18	43	19	3	43	1	5	2288	2596	73	42	25	9	24	6	21	13	13	18	42	3	18	1	20	0	3	0	17	39	8	0	0	0	44	312	3	28	13	13	13	4	23	14	273	0	274	0	5	0	0	0	1	0	1	1	0	0	13	38	5	0	0	17	101	78	46	1	0	56	0	32	20	9	9
WashU:10DD-1062__Diagnosis	0	0	25	84	6	0	77	576	28	131	0	2	0	1	6	3	7	6	4	1	46	0	1	86	8	15	66	14	47	30	48	176	131	2	0	5	13	2	6	7	2	5	0	1	3	4	0	0	0	5	30	7	31	14	48	38	4	14	5	256	2	5	0	14	12	1	51	28	11	7	7	0	0	48	29	28	0	0	18	3	1	0	1	0	79	0	0	9	0	16
WashU:10DD-1062__Treatment	0	0	46	93	4	0	129	735	20	66	0	2	1	1	4	0	0	3	1	0	1	0	0	68	3	2	40	15	9	29	26	21	18	0	0	0	4	7	3	5	3	2	0	5	12	24	0	0	1	4	9	7	35	9	7	5	4	10	2	244	1	0	0	13	3	0	26	16	1	0	5	0	2	32	23	18	0	0	4	3	0	2	10	0	8	1	0	1	0	38
WashU:10DD-1065__Diagnosis	0	0	5	61	33	1	81	68	0	20	79	48	39	21	17	14	33	59	45	13	120	0	3	7	10	2	189	49	3	27	0	1	2	0	0	0	36	208	45	41	0	39	5	26	121	89	0	0	0	3	2	7	69	22	31	0	1	2	1	220	0	18	0	1	0	0	0	0	0	0	0	0	1	29	79	9	0	0	0	0	2	3	19	0	4	3	1	0	1	74
WashU:10DD-1065__Treatment	0	0	9	46	118	0	94	64	0	4	17	16	42	25	30	19	33	77	79	19	87	2	6	0	0	1	198	169	6	39	0	0	0	0	0	0	114	218	47	17	0	49	16	30	177	166	0	0	0	0	2	23	117	95	97	1	4	0	0	125	0	4	2	9	0	0	0	0	0	0	0	0	1	14	51	13	0	0	0	1	1	1	28	0	1	0	0	0	0	109
WashU:10DD-1070__Diagnosis	0	18	3	26	25	0	70	101	0	309	1	0	0	0	0	0	0	4	0	0	11	0	0	46	1381	88	284	93	72	97	5	61	27	0	0	1	0	10	1	4	2	1	0	13	297	75	0	0	0	22	131	2	46	7	34	283	3	25	12	208	0	40	1	1	0	0	0	0	0	0	0	0	0	81	226	52	0	0	50	1278	300	10	1	0	111	0	45	26	256	8
WashU:10DD-1070__Treatment	0	30	1	67	22	0	89	263	0	586	2	0	4	0	1	0	10	4	3	1	9	0	1	25	1076	144	905	71	75	112	8	188	138	0	1	2	12	22	1	6	0	3	0	5	297	107	0	0	1	191	359	6	293	158	280	638	31	204	146	250	0	54	0	10	0	0	0	0	0	0	0	0	0	58	357	57	0	0	116	859	187	62	9	0	690	0	67	118	134	33
WashU:10DD-1079__Diagnosis	0	0	2	7	1	0	5	12	0	1261	0	0	1	0	2	0	2	9	1	0	2	0	1	549	229	72	0	0	2	3	0	1	0	0	0	0	0	0	0	0	0	1	0	0	0	1	0	0	0	1814	1004	30	0	0	0	1	23	19	454	14	2	8	0	6	0	0	0	0	0	0	0	0	0	1	4	1	0	0	5	2	0	695	0	0	0	0	0	42	0	0
WashU:10DD-1079__Relapse	0	0	8	107	1	0	19	56	0	1784	0	0	0	0	1	0	2	0	0	0	0	0	1	195	1452	83	1	0	0	19	0	0	0	0	0	0	3	1	0	0	0	1	0	0	1	0	0	0	0	442	191	3	1	0	0	0	21	12	179	143	0	992	0	6	0	0	0	0	0	0	0	0	0	10	43	7	1	0	5	0	0	547	0	0	0	0	2	21	0	0
WashU:10DD-1079__Treatment	0	0	2	2	1	0	1	10	0	1767	0	0	4	1	3	0	4	15	3	0	8	1	0	304	211	43	0	0	0	3	1	0	0	0	0	0	2	0	0	1	2	2	3	1	1	0	0	0	0	1152	815	2	0	0	0	0	35	6	395	17	1	13	0	1	0	0	0	0	0	0	0	0	0	1	1	1	0	0	1	1	0	749	1	0	0	0	0	19	0	0
WashU:10DD-1082__Treatment	0	0	6	29	83	0	28	82	2	0	0	0	0	0	1	0	0	0	0	0	0	0	0	0	2	1	0	0	9	8	6	4	0	0	0	0	18	46	6	25	0	0	0	0	0	569	0	0	0	3	1	196	10	5	5	1	116	8	23	260	0	4	0	5	0	0	0	0	0	0	0	0	0	72	175	26	0	0	2	3	0	2	157	13	0	0	0	1	0	576
WashU:10DD-1085__Diagnosis	0	0	31	113	82	0	254	301	96	21	1	3	3	1	1	1	4	12	1	1	60	1	2	5	27	11	124	97	136	88	12	15	1	0	0	1	10	243	4	2	0	5	1	5	33	101	0	0	0	12	21	6	48	29	97	134	52	24	29	327	3	38	1	18	0	0	0	18	5	1	0	0	0	201	952	350	0	0	13	4	1	16	6	0	1	1	1	1	0	23
WashU:10DD-1085__Relapse	0	1	3	4	2	0	155	425	1	55	1	1	0	1	3	0	5	15	0	0	254	0	0	23	30	4	64	269	12	62	10	22	0	0	0	0	11	6	3	2	0	0	0	1	5	43	0	0	0	2	10	7	22	13	25	79	5	4	3	1051	0	14	0	3	0	0	0	0	0	0	0	0	0	65	152	57	0	0	7	7	1	0	3	0	0	0	0	1	0	3
WashU:10DD-1086__Diagnosis	0	0	22	218	6	0	415	338	0	173	1	6	18	32	14	21	19	27	11	0	78	0	0	21	80	8	37	25	0	205	0	3	0	0	0	0	15	3	5	28	2	2	0	1	3	22	0	0	0	5	80	7	21	22	6	2	5	3	3	1450	1	67	0	6	0	1	0	0	0	0	1	0	0	193	389	213	0	0	0	4	0	7	10	0	1	1	2	0	0	14
WashU:10DD-1086__Treatment	0	0	63	161	82	1	303	414	0	116	9	16	24	32	22	50	32	45	25	4	10	0	5	50	44	27	60	62	2	187	1	0	0	0	0	0	80	28	16	49	0	1	2	1	7	69	0	0	0	37	136	23	86	78	52	0	90	7	30	1739	7	21	0	38	0	0	0	0	0	0	0	0	12	104	138	128	0	0	2	1	0	47	48	1	12	1	2	1	0	115
WashU:184874__Diagnosis	0	3	275	1257	0	0	175	427	0	405	0	12	1	2	9	22	59	87	23	4	62	0	0	525	800	135	0	0	0	113	1	0	2	0	0	1	5	2	19	0	6	5	0	0	1	0	0	0	0	0	34	0	1	1	0	0	0	0	0	1072	1	234	1	11	0	5	0	2	0	5	0	0	0	877	855	477	2	0	1	74	18	3	1	0	35	11	2	5	5	0
WashU:220882__Diagnosis	0	1	49	43	17	0	69	256	0	97	8	5	4	6	22	12	13	11	2	2	26	4	3	49	76	57	252	262	45	13	165	681	66	2	4	37	69	13	9	25	0	1	0	1	61	469	0	0	0	78	140	2812	1668	736	616	38	260	1172	656	105	0	86	7	29	0	0	0	0	0	0	0	1	1	55	9	19	0	0	179	40	117	93	48	9	186	0	20	539	21	1466
WashU:220882__Relapse	0	11	0	0	22	0	103	188	0	470	4	2	19	1	9	2	4	5	2	0	58	0	1	724	733	274	302	704	210	20	34	254	0	0	0	2	52	9	23	61	2	7	4	1	49	77	0	0	2	12	149	27	182	131	169	133	15	53	25	69	4	78	9	8	0	0	0	0	0	0	0	0	0	21	40	42	0	0	27	56	127	18	19	9	1	0	38	24	29	57
WashU:220882__Treatment	0	2	2	24	0	0	504	1569	0	603	5	2	7	3	1	5	18	29	4	0	78	0	1	1123	1414	75	6	3	2	122	0	1	1	0	0	1	3	2	4	0	7	3	0	1	4	4	0	0	0	16	51	1	3	0	4	3	0	12	6	1013	0	858	1	21	0	0	0	0	0	1	0	0	0	463	541	406	4	0	13	86	43	6	0	0	6	1	22	7	17	3
WashU:332131__Diagnosis	0	0	5	15	5	0	38	39	5	452	24	21	29	12	12	0	0	6	1	2	2	0	0	72	1198	234	60	4	7	11	7	216	1	0	0	0	18	256	0	223	0	0	0	0	0	307	0	0	0	252	233	5	2960	481	88	155	36	468	165	41	0	102	0	0	0	0	0	3	1	0	0	0	0	5	8	6	4	0	116	126	178	67	0	0	2	1	5	105	56	20
WashU:430998__Diagnosis	0	2	77	260	0	0	279	538	5	264	10	31	4	28	26	51	83	150	62	11	157	2	13	354	424	22	5	20	43	185	3	1	0	0	0	2	5	13	8	7	23	6	1	79	26	10	0	0	0	1	32	1	5	1	11	14	0	0	0	2523	0	183	2	7	0	0	0	1	0	1	0	0	0	104	20	89	0	0	2	20	25	3	0	0	19	0	2	0	5	7
WashU:452198__Diagnosis	0	0	842	244	4	0	60	46	0	3761	1	0	0	0	0	1	0	2	0	0	0	1	0	4369	5119	7698	54	49	22	20	11	22	0	0	0	0	4	24	0	0	1	12	1	1	2	413	0	0	0	1150	2580	209	50	4	14	12	0	252	164	170	0	669	1	13	0	0	0	0	0	0	0	0	0	213	15	43	0	0	434	126	26	115	0	1	0	1	27	274	9	25
WashU:452198__Relapse	0	0	385	88	7	0	28	45	7	0	3	0	0	0	1	0	0	2	0	0	5	0	0	0	0	0	92	63	52	19	95	10	0	0	0	1	81	972	0	55	12	16	14	0	0	15311	0	0	0	0	0	1028	266	17	70	100	1	0	0	712	0	2	0	11	0	0	0	0	0	0	0	0	0	85	2	9	0	0	0	0	0	0	1	0	0	0	0	0	0	167
WashU:508084__Diagnosis	0	2	21	28	14	0	32	22	0	410	2	0	0	0	0	0	0	0	0	0	0	1	2	660	785	1136	176	105	734	6	34	3945	14	0	0	0	6	9	0	2	0	4	1	1	9	288	0	0	0	465	197	1511	505	159	332	1054	71	1038	773	24	0	109	0	1	0	0	0	0	0	0	0	0	0	1	0	0	0	0	604	148	450	47	9	1	42	0	1	159	165	179
WashU:508084__Relapse	0	6	11	42	2	0	149	262	0	103	1	2	71	2	7	0	4	5	2	0	31	0	4	100	277	117	75	215	476	94	29	3892	44	1	3	11	294	19	46	41	0	27	1	7	7	281	0	0	0	120	91	297	652	147	371	1276	59	1454	434	689	0	207	6	26	0	0	0	0	0	0	0	1	0	182	150	215	10	0	336	156	66	18	13	1	74	0	0	98	187	181
WashU:624400__Normal donor	0	1	48	215	2	0	94	16	0	90	0	0	0	0	0	0	0	0	0	0	0	0	0	14	188	2	0	0	2	178	0	0	0	0	0	1	0	3	0	0	4	0	0	0	0	0	0	0	0	0	0	0	0	0	0	0	0	0	0	476	0	17	0	8	0	0	0	0	0	0	0	0	0	44	610	204	0	0	0	17	2	0	0	0	13	0	0	0	2	0
WashU:827494__Diagnosis	0	0	416	244	8	0	180	479	0	277	14	23	5	11	17	15	55	97	29	10	58	2	2	182	212	17	5	17	0	68	1	0	2	1	0	7	36	82	55	20	41	137	7	132	2	52	0	0	6	5	100	2	2	4	9	0	1	1	3	854	0	114	36	252	0	0	0	1	0	2	0	0	0	119	7	41	0	0	3	22	27	6	3	0	100	11	14	5	14	3
WashU:868442__Diagnosis	0	0	2	14	8	0	0	8	0	914	1	2	4	1	0	0	0	0	0	0	0	0	0	125	2963	308	565	74	14	1	0	30	0	0	0	0	15	184	0	2	1	13	0	0	0	155	0	0	0	27	135	33	666	197	47	103	18	38	23	22	0	73	0	4	0	0	0	0	0	0	0	0	0	2	1	1	0	0	12	31	16	8	70	1	0	0	9	25	14	262
WashU:869586__Diagnosis	0	0	366	638	3	0	125	68	12	17	6	2	2	0	1	1	10	15	7	2	17	0	2	4	3	25	5	18	237	75	807	182	0	0	0	9	62	7	47	4	0	0	0	1	2	272	0	0	1	2	11	275	3148	324	340	24	72	328	23	772	0	17	54	212	0	0	0	0	0	0	0	0	1	465	263	377	0	0	14	1	0	0	92	2	1	0	1	18	0	883
WashU:869586__Relapse	0	0	6	9	0	0	10	38	6	4	0	0	0	1	0	3	1	3	1	1	4	0	0	2	4	1	284	104	45	5	332	587	0	0	0	0	808	26	156	470	0	0	0	0	0	700	0	0	0	1	1	39	338	56	812	550	1	3	0	30	0	20	0	48	0	0	1	0	0	0	0	0	0	7	6	2	0	0	0	0	0	0	0	0	0	0	1	0	0	1
WashU:869922__Diagnosis	0	0	5	42	5	0	63	102	1	9	76	15	7	4	7	1	0	1	4	3	9	0	0	5	44	13	39	2	3	15	242	814	0	0	0	0	16	409	4	102	0	6	3	0	0	264	0	0	0	15	8	3	4231	332	192	295	3	81	23	49	0	22	0	1	0	0	0	0	0	0	0	0	0	11	35	11	0	0	15	11	2	3	2	0	1	0	0	18	1	6
WashU:875663__Diagnosis	0	0	1	17	0	0	9	75	0	2121	0	0	0	0	1	0	0	0	0	1	1	0	0	438	3381	740	8	2	0	7	0	6	0	0	0	0	2	6	0	0	0	0	2	0	0	2	0	0	1	134	684	4	9	9	0	0	16	16	34	77	9	79	0	0	0	0	0	0	0	0	0	0	0	4	18	4	0	0	15	16	7	49	20	1	0	0	2	27	9	29
WashU:916462__Diagnosis	0	0	31	151	9	0	554	115	0	1	65	39	28	42	24	15	3	2	0	0	1	0	0	0	6	1	257	276	40	107	5	221	0	0	0	0	3	616	7	84	30	122	41	0	4	392	0	0	0	4	4	330	427	9	1	190	2	114	21	155	0	14	1	13	0	0	0	0	0	0	0	0	0	116	374	85	0	0	21	0	2	0	0	0	0	0	1	0	2	77
WashU:922185__Diagnosis	0	1	99	167	1	0	426	845	1	164	0	7	1	7	11	13	44	84	65	5	231	0	0	63	212	30	0	0	0	122	0	1	1	1	0	2	5	0	10	2	0	0	1	0	0	0	0	0	1	3	21	1	0	0	1	0	0	0	1	1854	0	91	1	36	0	0	0	1	0	3	0	0	0	257	47	266	2	0	2	48	12	3	0	0	35	5	2	0	6	0
WashU:978897__Normal donor	0	1	75	216	0	0	196	21	0	242	0	0	0	0	0	0	0	0	0	0	0	0	0	19	243	9	0	0	0	140	0	0	0	0	0	0	0	2	0	0	3	0	0	0	0	0	0	0	0	0	0	0	0	0	0	0	0	0	0	174	0	29	0	14	0	0	0	0	0	0	0	0	0	112	764	430	0	0	0	12	1	0	0	0	15	0	0	0	4	0
WashU:ND050119__Normal donor	0	1	44	36	85	1	30	51	53	118	167	214	66	83	33	49	29	33	166	72	112	7	60	65	71	228	378	64	28	29	6	37	39	24	7	36	101	132	42	56	0	92	1	126	187	182	0	0	0	6	20	9	316	120	122	132	96	89	73	134	0	32	0	9	20	14	4	35	25	17	9	0	0	48	39	27	31	0	23	16	5	6	114	0	18	5	16	15	6	235
WashU:ND050819__Normal donor	0	0	2	0	16	1	206	536	36	282	67	90	46	46	22	1	18	26	3	2	351	6	129	191	369	6	245	96	33	65	9	24	21	13	5	10	54	170	28	62	0	56	0	257	272	256	0	0	0	11	30	5	135	54	60	86	26	26	20	768	0	81	0	2	9	8	2	9	3	11	2	0	5	202	357	757	2	0	3	36	9	5	22	0	57	5	5	7	15	112
