SampleID	Sample	Dataset	Annotation	TotalCells	PredictedClass	MaxProb	Prob_m-LSC	Prob_p+m-LSC	Prob_p-LSC
EBI:P05__Diagnosis	P05__Diagnosis	EBI	AML	2068	NULL	0.4790816421757796	0.4790816421757796	0.2618071041777409	0.2591112536464793
EBI:P11__Relapse	P11__Relapse	EBI	AML	6268	NULL	0.6656926601676977	0.6656926601676977	0.2852059180876505	0.0491014217446518
EBI:P17__Diagnosis	P17__Diagnosis	EBI	AML	2480	NULL	0.4858706317477629	0.4858706317477629	0.3686650515673583	0.1454643166848788
EBI:P26__Relapse	P26__Relapse	EBI	AML	6856	NULL	0.5572320834676192	0.5572320834676192	0.1832160227506974	0.2595518937816833
NYU-1:AML0656	AML0656	NYU-1	AML	2063	NULL	0.599262462706262	0.599262462706262	0.360834631662105	0.0399029056316329
NYU-1:AML3730	AML3730	NYU-1	AML	5725	NULL	0.6149941283738585	0.6149941283738585	0.2153714253882774	0.169634446237864
NYU-1:AML4340	AML4340	NYU-1	AML	4802	NULL	0.656018940911122	0.656018940911122	0.2286522759910086	0.1153287830978692
NYU-1:AML4897	AML4897	NYU-1	AML	3413	NULL	0.6236362368103152	0.6236362368103152	0.3703386546375437	0.006025108552141
NYU-1:HTO2-SRR16208954	HTO2-SRR16208954	NYU-1	AML	3220	NULL	0.6413690692374792	0.6413690692374792	0.2505204037106907	0.1081105270518299
NYU-1:NA-SRR16208928	NA-SRR16208928	NYU-1	AML	3583	NULL	0.3920437895336625	0.2936223456858408	0.3920437895336625	0.3143338647804966
NYU-1:NA-SRR16208929	NA-SRR16208929	NYU-1	AML	3438	NULL	0.3419157861178439	0.3394841741518021	0.3186000397303539	0.3419157861178439
NYU-1:R1-TotalSeqA	R1-TotalSeqA	NYU-1	AML	9965	NULL	0.4379590399964935	0.4379590399964935	0.3177202579258564	0.2443207020776501
NYU-1:hashtag2-SRR16208949	hashtag2-SRR16208949	NYU-1	AML	1589	NULL	0.6269668848729336	0.6269668848729336	0.3227561243620747	0.0502769907649916
NYU-1:hashtag4-SRR16208950	hashtag4-SRR16208950	NYU-1	AML	1481	NULL	0.6661257992854015	0.6661257992854015	0.2600204330359419	0.0738537676786565
EBI:Donor 10	Donor 10	EBI	Control	3232	NULL	0.5634000408886425	0.5634000408886425	0.2288842931621649	0.2077156659491927
EBI:Donor 4	Donor 4	EBI	Control	2352	NULL	0.3975713969540226	0.3975713969540226	0.3909308576905218	0.2114977453554557
EBI:Donor 8	Donor 8	EBI	Control	3575	NULL	0.4560782053755272	0.4560782053755272	0.2449828493208685	0.2989389453036044
EBI:Donor 9	Donor 9	EBI	Control	3342	NULL	0.5198284577725281	0.5198284577725281	0.2321038304738243	0.2480677117536476
NYU-1:Control0058	Control0058	NYU-1	Control	5985	NULL	0.6272799128029952	0.6272799128029952	0.250588878511934	0.1221312086850708
NYU-1:Control0082	Control0082	NYU-1	Control	10592	NULL	0.6213684000992727	0.6213684000992727	0.1417455383090352	0.2368860615916918
NYU-1:Control1	Control1	NYU-1	Control	7427	NULL	0.4047630014069823	0.4047630014069823	0.2592897614004341	0.3359472371925834
NYU-1:Control2	Control2	NYU-1	Control	5474	NULL	0.4126362907414683	0.4126362907414683	0.2406372533386057	0.3467264559199259
NYU-1:Control3	Control3	NYU-1	Control	8104	NULL	0.5736435821070675	0.5736435821070675	0.2041603301597887	0.2221960877331438
CCHMC:562_AfInv16_25F	562_AfInv16_25F	CCHMC	Inv16	8467	NULL	0.4766452324115514	0.4766452324115514	0.3043806286108007	0.2189741389776479
WashU:10DD-1051__Treatment	10DD-1051__Treatment	WashU	KRAS	3325	NULL	0.4213065990334089	0.4213065990334089	0.2317695327182238	0.3469238682483671
Milan:PT07__Diagnosis	PT07__Diagnosis	Milan	NPM1	4994	NULL	0.5202720062609983	0.5202720062609983	0.302017907354041	0.1777100863849605
NYU-1:AML038	AML038	NYU-1	Pediatric-AML	3587	NULL	0.5491456163641577	0.5491456163641577	0.3145898598043979	0.1362645238314444
NYU-1:AML043	AML043	NYU-1	Pediatric-AML	3425	NULL	0.6015491778598638	0.6015491778598638	0.25515154663297	0.143299275507166
NYU-1:AML056	AML056	NYU-1	Pediatric-AML	2738	NULL	0.682047727769354	0.682047727769354	0.2384421203437587	0.0795101518868873
WashU:10DD-1014__Diagnosis	10DD-1014__Diagnosis	WashU	TP53	2275	NULL	0.6512213500934434	0.6512213500934434	0.2413713341916948	0.1074073157148616
EBI:P02__Relapse	P02__Relapse	EBI	AML	4836	m-LSC	0.9637863608721908	0.9637863608721908	0.0233845071840383	0.0128291319437706
EBI:P07__Diagnosis	P07__Diagnosis	EBI	AML	4777	m-LSC	0.8374176980630937	0.8374176980630937	0.141487884891062	0.0210944170458442
EBI:P08__Relapse	P08__Relapse	EBI	AML	2917	m-LSC	0.9187797853369198	0.9187797853369198	0.0476785931205961	0.0335416215424839
EBI:P17__Relapse	P17__Relapse	EBI	AML	4744	m-LSC	0.9999026542172578	0.9999026542172578	8.646169800032555e-05	1.0884084741798144e-05
NYU-1:AML0024	AML0024	NYU-1	AML	6782	m-LSC	0.9999614684550178	0.9999614684550178	3.765346870468717e-05	8.780762776533646e-07
NYU-1:AML0310	AML0310	NYU-1	AML	9093	m-LSC	0.9891688609246048	0.9891688609246048	0.0099541742592895	0.0008769648161055
NYU-1:AML1371	AML1371	NYU-1	AML	4706	m-LSC	0.8782795993469897	0.8782795993469897	0.1064629127504988	0.0152574879025113
NYU-1:AML1552	AML1552	NYU-1	AML	2361	m-LSC	0.9155226412660606	0.9155226412660606	0.0815902543486684	0.0028871043852707
NYU-1:AML2451	AML2451	NYU-1	AML	6572	m-LSC	0.8088162470052327	0.8088162470052327	0.1507551838010046	0.0404285691937627
NYU-1:HTO2-SRR16208955	HTO2-SRR16208955	NYU-1	AML	3663	m-LSC	0.821292013266344	0.821292013266344	0.130501117389361	0.0482068693442949
NYU-1:HTO2-SRR16208956	HTO2-SRR16208956	NYU-1	AML	6391	m-LSC	0.8998572209977892	0.8998572209977892	0.0844232718163026	0.0157195071859081
NYU-1:HTO3-SRR16208954	HTO3-SRR16208954	NYU-1	AML	3387	m-LSC	0.9913617305396067	0.9913617305396067	0.0085273304405674	0.0001109390198257
NYU-1:HTO3-SRR16208955	HTO3-SRR16208955	NYU-1	AML	3960	m-LSC	0.991236715339074	0.991236715339074	0.0085597716670617	0.000203512993864
NYU-1:HTO5-SRR16208954	HTO5-SRR16208954	NYU-1	AML	3611	m-LSC	0.9606743806822912	0.9606743806822912	0.0384446904160877	0.000880928901621
NYU-1:HTO5-SRR16208955	HTO5-SRR16208955	NYU-1	AML	3869	m-LSC	0.9680644429344004	0.9680644429344004	0.0308621080529319	0.0010734490126675
NYU-1:HTO6-SRR16208954	HTO6-SRR16208954	NYU-1	AML	2115	m-LSC	0.9384538112821172	0.9384538112821172	0.0592460720247822	0.0023001166931005
NYU-1:HTO6-SRR16208955	HTO6-SRR16208955	NYU-1	AML	2371	m-LSC	0.9467043246721528	0.9467043246721528	0.0497118363348582	0.0035838389929889
NYU-1:TALL3862	TALL3862	NYU-1	AML	2985	m-LSC	0.6993552416561932	0.6993552416561932	0.2250535706666698	0.0755911876771368
NYU-1:hashtag2-SRR16208950	hashtag2-SRR16208950	NYU-1	AML	1556	m-LSC	0.8015372083152572	0.8015372083152572	0.1886959625478227	0.00976682913692
NYU-1:hashtag3-SRR16208949	hashtag3-SRR16208949	NYU-1	AML	707	m-LSC	0.8580381462384598	0.8580381462384598	0.1389264361164361	0.0030354176451041
NYU-1:hashtag3-SRR16208950	hashtag3-SRR16208950	NYU-1	AML	679	m-LSC	0.7510569029102541	0.7510569029102541	0.2471110709444578	0.0018320261452879
NYU-1:hashtag3-SRR16208957	hashtag3-SRR16208957	NYU-1	AML	4671	m-LSC	0.9885430058901254	0.9885430058901254	0.0113326030676528	0.0001243910422217
NYU-1:hashtag4-SRR16208949	hashtag4-SRR16208949	NYU-1	AML	1465	m-LSC	0.692473910631905	0.692473910631905	0.274622458222876	0.0329036311452188
NYU-2:AML-09	AML-09	NYU-2	AML	18919	m-LSC	0.9788211790671209	0.9788211790671209	0.0195616662095806	0.0016171547232986
NYU-2:AML-17-CR1	AML-17-CR1	NYU-2	AML	8677	m-LSC	0.9046797436375206	0.9046797436375206	0.0884085054667555	0.0069117508957237
NYU-2:AML-17-CR2	AML-17-CR2	NYU-2	AML	8520	m-LSC	0.82470743019115	0.82470743019115	0.1589338307667773	0.0163587390420725
NYU-2:AML-19-CR1	AML-19-CR1	NYU-2	AML	12386	m-LSC	0.7632456701907078	0.7632456701907078	0.2289258279153581	0.0078285018939339
NYU-2:AML-19-CR2	AML-19-CR2	NYU-2	AML	3078	m-LSC	0.8782686443303318	0.8782686443303318	0.1206337609044595	0.0010975947652085
NYU-2:AML-21-Dx	AML-21-Dx	NYU-2	AML	11114	m-LSC	0.9955062022634488	0.9955062022634488	0.0043842652473276	0.0001095324892235
NYU-2:AML0024	AML0024	NYU-2	AML	8162	m-LSC	0.9926203082833904	0.9926203082833904	0.0062690033463425	0.001110688370267
NYU-2:AML1371	AML1371	NYU-2	AML	11730	m-LSC	0.954044855746605	0.954044855746605	0.0427071684645651	0.0032479757888298
NYU-2:AML4340	AML4340	NYU-2	AML	13544	m-LSC	0.864770886229297	0.864770886229297	0.1100105825421317	0.0252185312285712
NYU-2:AML4897	AML4897	NYU-2	AML	6534	m-LSC	0.8678935551615949	0.8678935551615949	0.1048087671504369	0.0272976776879682
WashU:10DD-1079__Diagnosis	10DD-1079__Diagnosis	WashU	AML	6289	m-LSC	0.9999711052237376	0.9999711052237376	2.79537212925004e-05	9.410549699761718e-07
WashU:10DD-1079__Relapse	10DD-1079__Relapse	WashU	AML	6361	m-LSC	0.9999999939748748	0.9999999939748748	5.983758097050011e-09	4.136720132154563e-11
WashU:10DD-1079__Treatment	10DD-1079__Treatment	WashU	AML	5607	m-LSC	1.0	1.0	9.048751700650214e-18	5.985492325122204e-21
WashU:184874__Diagnosis	184874__Diagnosis	WashU	AML	8171	m-LSC	0.9972166657270224	0.9972166657270224	0.0027526904506133	3.064382236425278e-05
WashU:922185__Diagnosis	922185__Diagnosis	WashU	AML	5321	m-LSC	0.9923827300374972	0.9923827300374972	0.0074909703285014	0.0001262996340012
3v2:GSM4874417	GSM4874417	3v2	Control	1174	m-LSC	0.714475713279177	0.714475713279177	0.1957676184591429	0.0897566682616799
EBI:Donor 7	Donor 7	EBI	Control	6239	m-LSC	0.7151574097506636	0.7151574097506636	0.1681654876604722	0.1166771025888641
NYU-1:Control0004	Control0004	NYU-1	Control	5914	m-LSC	0.8326046750049846	0.8326046750049846	0.1259700560166787	0.0414252689783366
WashU:624400__Normal donor	624400__Normal donor	WashU	Control	2251	m-LSC	0.9356522372588184	0.9356522372588184	0.0639042869258179	0.0004434758153637
WashU:978897__Normal donor	978897__Normal donor	WashU	Control	2722	m-LSC	0.998729619047277	0.998729619047277	0.0012666808153356	3.700137387302951e-06
Colorado:AML-16	AML-16	Colorado	FLT3	9930	m-LSC	0.9439257257371246	0.9439257257371246	0.053199216872715	0.0028750573901602
Colorado:AML-17	AML-17	Colorado	FLT3	4517	m-LSC	0.783831858307341	0.783831858307341	0.1740627947566916	0.0421053469359672
Colorado:AML-18	AML-18	Colorado	FLT3	7914	m-LSC	0.9685532442953868	0.9685532442953868	0.0291806094112129	0.0022661462934004
Colorado:AML-19	AML-19	Colorado	FLT3	10649	m-LSC	0.8990282250933453	0.8990282250933453	0.091593670779944	0.0093781041267106
Colorado:Pt-12_Rl	Pt-12_Rl	Colorado	IDH2	2676	m-LSC	0.6825553528834917	0.6825553528834917	0.3147429459076708	0.0027017012088375
CCHMC:98-31_AfInv16_34F	98-31_AfInv16_34F	CCHMC	Inv16	5648	m-LSC	0.757581243657284	0.757581243657284	0.2043465815687255	0.0380721747739904
Colorado:AML-20	AML-20	Colorado	KRAS	4392	m-LSC	0.7791277455449459	0.7791277455449459	0.2105195167784815	0.0103527376765726
Colorado:AML-24	AML-24	Colorado	NPM1	9695	m-LSC	0.9180507971045112	0.9180507971045112	0.0659647241979121	0.0159844786975766
Milan:PT10__Relapse	PT10__Relapse	Milan	NPM1	655	m-LSC	0.99997229172618	0.99997229172618	2.769181892291976e-05	1.6454897042737492e-08
WashU:220882__Treatment	220882__Treatment	WashU	NPM1c	9241	m-LSC	0.9719849968872492	0.9719849968872492	0.0216365867434799	0.0063784163692707
WashU:452198__Diagnosis	452198__Diagnosis	WashU	NPM1c	29381	m-LSC	0.773710247213191	0.773710247213191	0.1235448703596987	0.1027448824271102
Colorado:Pt-69_Rl	Pt-69_Rl	Colorado	NRAS	5051	m-LSC	0.9734438151700302	0.9734438151700302	0.0260250211056163	0.0005311637243534
NYU-1:AML008	AML008	NYU-1	Pediatric-AML	5117	m-LSC	0.9961473872649272	0.9961473872649272	0.0035314752459804	0.0003211374890921
NYU-1:AML012	AML012	NYU-1	Pediatric-AML	6917	m-LSC	0.892573606781456	0.892573606781456	0.067591889658143	0.0398345035604009
NYU-1:AML028	AML028	NYU-1	Pediatric-AML	6145	m-LSC	0.9967636338894657	0.9967636338894657	0.002831417347288	0.0004049487632464
NYU-1:AML048	AML048	NYU-1	Pediatric-AML	5308	m-LSC	0.7445790580798919	0.7445790580798919	0.2257825419974089	0.0296383999226992
NYU-1:PAXMIJ	PAXMIJ	NYU-1	Pediatric-AML	2113	m-LSC	0.8286051687214459	0.8286051687214459	0.1434355431971876	0.0279592880813665
NYU-1:PAXMIJ-EoT	PAXMIJ-EoT	NYU-1	Pediatric-AML	2786	m-LSC	0.9213165785507432	0.9213165785507432	0.0612862858750978	0.017397135574159
NYU-1:PR-TotalSeqA	PR-TotalSeqA	NYU-1	Pediatric-AML	10956	m-LSC	0.9907019746573844	0.9907019746573844	0.0049192894395367	0.0043787359030789
WashU:10DD-1061__Relapse	10DD-1061__Relapse	WashU	SF3B1	8606	m-LSC	0.8557784256767949	0.8557784256767949	0.0547549330032949	0.0894666413199101
WashU:875663__Diagnosis	875663__Diagnosis	WashU	SF3B1 NPM1 FLT3	8093	m-LSC	0.9976690577519028	0.9976690577519028	0.0019092681185388	0.0004216741295583
Columbia:AML7	AML7	Columbia	TET2	10140	m-LSC	0.9999995015486663	0.9999995015486663	4.937628460685379e-07	4.688487411026868e-09
Milan:PT12_PT13__D14	PT12_PT13__D14	Milan		856	p+m-LSC	0.8635133804120426	0.0557785377289344	0.8635133804120426	0.080708081859023
Colorado:AML-11	AML-11	Colorado	AML	1	p+m-LSC	0.977867342547499	0.0219879962186527	0.977867342547499	0.0001446612338482
Colorado:AML-12	AML-12	Colorado	AML	4944	p+m-LSC	0.5112269447365498	0.0002048494714178	0.5112269447365498	0.4885682057920323
EBI:P04__Diagnosis	P04__Diagnosis	EBI	AML	2594	p+m-LSC	0.5596024327770478	0.0379652460241247	0.5596024327770478	0.4024323211988275
EBI:P06__Diagnosis	P06__Diagnosis	EBI	AML	4544	p+m-LSC	0.546951075942507	0.3847876778398235	0.546951075942507	0.0682612462176694
EBI:P06__Relapse	P06__Relapse	EBI	AML	6620	p+m-LSC	0.5134219730224434	0.3473251268112756	0.5134219730224434	0.139252900166281
EBI:P09__Diagnosis	P09__Diagnosis	EBI	AML	4791	p+m-LSC	0.7372440531698314	0.0032109703393242	0.7372440531698314	0.2595449764908442
EBI:P09__Relapse	P09__Relapse	EBI	AML	6365	p+m-LSC	0.699507686796156	0.0027782939696167	0.699507686796156	0.2977140192342271
EBI:P10__Relapse	P10__Relapse	EBI	AML	1400	p+m-LSC	0.638892074629537	0.0366064127631459	0.638892074629537	0.3245015126073169
EBI:P11__Diagnosis	P11__Diagnosis	EBI	AML	9868	p+m-LSC	0.460160861991983	0.2582805031889268	0.460160861991983	0.2815586348190902
EBI:P12__Diagnosis	P12__Diagnosis	EBI	AML	4209	p+m-LSC	0.8452607772738311	0.0002951479663643	0.8452607772738311	0.1544440747598043
EBI:P15__Relapse	P15__Relapse	EBI	AML	11533	p+m-LSC	0.6235159929395496	0.1550758749176534	0.6235159929395496	0.2214081321427969
EBI:P16__Relapse	P16__Relapse	EBI	AML	7709	p+m-LSC	0.8577396850524118	0.005798268839599	0.8577396850524118	0.1364620461079889
EBI:P18__Relapse	P18__Relapse	EBI	AML	5526	p+m-LSC	0.8245582699308859	0.1281715237608703	0.8245582699308859	0.0472702063082438
EBI:P19__Diagnosis	P19__Diagnosis	EBI	AML	3525	p+m-LSC	0.4848698893540901	0.1592288565904311	0.4848698893540901	0.3559012540554788
EBI:P19__Relapse	P19__Relapse	EBI	AML	4247	p+m-LSC	0.4966534200502661	0.084883035625343	0.4966534200502661	0.4184635443243909
EBI:P21__Relapse	P21__Relapse	EBI	AML	7513	p+m-LSC	0.5234586613220044	0.0003617671703412	0.5234586613220044	0.4761795715076544
EBI:P26__Diagnosis	P26__Diagnosis	EBI	AML	4039	p+m-LSC	0.5454754116805223	0.1731020967032677	0.5454754116805223	0.2814224916162099
NYU-1:AML0693	AML0693	NYU-1	AML	9503	p+m-LSC	0.7377323182689248	0.062083715482095	0.7377323182689248	0.2001839662489802
NYU-1:AML2123	AML2123	NYU-1	AML	2699	p+m-LSC	0.6658034372486314	0.0793510340316009	0.6658034372486314	0.2548455287197675
NYU-1:AML3133	AML3133	NYU-1	AML	4730	p+m-LSC	0.4197381453622416	0.28435527640058	0.4197381453622416	0.2959065782371783
NYU-1:AML52-Azacitidine	AML52-Azacitidine	NYU-1	AML	11565	p+m-LSC	0.9427771836151928	0.0252015976774748	0.9427771836151928	0.0320212187073324
NYU-1:ETP9153	ETP9153	NYU-1	AML	3832	p+m-LSC	0.8596723600255933	0.0060875433220037	0.8596723600255933	0.134240096652403
NYU-1:TALL3783	TALL3783	NYU-1	AML	2006	p+m-LSC	0.5874539056748752	0.3587233320604643	0.5874539056748752	0.0538227622646605
NYU-1:hashtag2-SRR16208957	hashtag2-SRR16208957	NYU-1	AML	2439	p+m-LSC	0.4497127289125045	0.4497127289125045	0.4184040786444984	0.131883192442997
NYU-1:hashtag2-SRR16208966	hashtag2-SRR16208966	NYU-1	AML	2620	p+m-LSC	0.5079129555281267	0.0001590873554035	0.5079129555281267	0.4919279571164697
NYU-1:hashtag2-SRR16208967	hashtag2-SRR16208967	NYU-1	AML	2417	p+m-LSC	0.6929121462360819	0.0001852377481657	0.6929121462360819	0.3069026160157523
NYU-1:hashtag3-SRR16208959	hashtag3-SRR16208959	NYU-1	AML	2048	p+m-LSC	0.7957025755580823	0.1483298290817784	0.7957025755580823	0.0559675953601391
NYU-1:hashtag3-SRR16208965	hashtag3-SRR16208965	NYU-1	AML	3022	p+m-LSC	0.6121780166110726	0.3094835618442216	0.6121780166110726	0.0783384215447057
NYU-1:hashtag3-SRR16208966	hashtag3-SRR16208966	NYU-1	AML	3148	p+m-LSC	0.6111946568816141	0.3341088835271477	0.6111946568816141	0.0546964595912381
NYU-1:hashtag3-SRR16208967	hashtag3-SRR16208967	NYU-1	AML	3097	p+m-LSC	0.5436961522313353	0.4115631385910494	0.5436961522313353	0.0447407091776152
NYU-1:hashtag4-SRR16208958	hashtag4-SRR16208958	NYU-1	AML	1034	p+m-LSC	0.6923649878052809	0.2325721607620953	0.6923649878052809	0.0750628514326237
NYU-1:hashtag4-SRR16208964	hashtag4-SRR16208964	NYU-1	AML	649	p+m-LSC	0.7163012544975799	0.0197830566904158	0.7163012544975799	0.2639156888120041
NYU-1:hashtag7-SRR16208967	hashtag7-SRR16208967	NYU-1	AML	1	p+m-LSC	0.977867342547499	0.0219879962186527	0.977867342547499	0.0001446612338482
NYU-2:AML-17-R1	AML-17-R1	NYU-2	AML	8636	p+m-LSC	0.6135849660333833	0.0454396889962613	0.6135849660333833	0.3409753449703554
NYU-2:AML-17-R2	AML-17-R2	NYU-2	AML	10862	p+m-LSC	0.7312821692162209	0.0620416414653021	0.7312821692162209	0.206676189318477
NYU-2:AML-20-CR	AML-20-CR	NYU-2	AML	3739	p+m-LSC	0.4137343406323249	0.2309399189147607	0.4137343406323249	0.3553257404529142
NYU-2:AML-21-CR	AML-21-CR	NYU-2	AML	5913	p+m-LSC	0.4615501609478984	0.1205224148929051	0.4615501609478984	0.4179274241591965
NYU-2:AML1896	AML1896	NYU-2	AML	11543	p+m-LSC	0.5033061516537698	0.0409861386691407	0.5033061516537698	0.4557077096770894
WashU:10DD-1082__Treatment	10DD-1082__Treatment	WashU	AML	2589	p+m-LSC	0.7605626634267046	0.0015113014459018	0.7605626634267046	0.2379260351273936
WashU:10DD-1086__Diagnosis	10DD-1086__Diagnosis	WashU	AML	4373	p+m-LSC	0.4790675332790637	0.4542541499982598	0.4790675332790637	0.0666783167226765
WashU:430998__Diagnosis	430998__Diagnosis	WashU	AML	6368	p+m-LSC	0.6043151169237262	0.266617794251467	0.6043151169237262	0.1290670888248067
WashU:827494__Diagnosis	827494__Diagnosis	WashU	AML	4785	p+m-LSC	0.5513507975092692	0.373610670538355	0.5513507975092692	0.0750385319523758
Colorado:AML-08	AML-08	Colorado	ASXL1	6421	p+m-LSC	0.6025159018920169	0.0406568659398012	0.6025159018920169	0.3568272321681819
Colorado:AML-07	AML-07	Colorado	CBL	8042	p+m-LSC	0.5865397137746692	0.025201773134786	0.5865397137746692	0.3882585130905446
WashU:10DD-1058__Diagnosis	10DD-1058__Diagnosis	WashU	CEBPA	3797	p+m-LSC	0.6187932780048728	0.0100780797134613	0.6187932780048728	0.3711286422816657
EBI:Donor 1	Donor 1	EBI	Control	1283	p+m-LSC	0.5452753552230658	0.137199472367116	0.5452753552230658	0.3175251724098181
EBI:Donor 3	Donor 3	EBI	Control	3372	p+m-LSC	0.424682438621264	0.1975001608661792	0.424682438621264	0.3778174005125567
EBI:Donor 5	Donor 5	EBI	Control	1720	p+m-LSC	0.5634882179620114	0.0348328395230126	0.5634882179620114	0.401678942514976
EBI:Donor 6	Donor 6	EBI	Control	1240	p+m-LSC	0.6197701024158568	0.1351179078551401	0.6197701024158568	0.2451119897290029
NYU-1:Control4	Control4	NYU-1	Control	9653	p+m-LSC	0.4133732866815336	0.3467178195585698	0.4133732866815336	0.2399088937598965
CCHMC:AML-12_CCHMC	AML-12_CCHMC	CCHMC	DNMT3A	20753	p+m-LSC	0.5591279892378093	0.0278253674238218	0.5591279892378093	0.4130466433383688
Colorado:AML-06	AML-06	Colorado	FLT3	1	p+m-LSC	0.977867342547499	0.0219879962186527	0.977867342547499	0.0001446612338482
Colorado:Pt-12_Dx	Pt-12_Dx	Colorado	IDH2	2849	p+m-LSC	0.7728959635414653	0.1776304559040686	0.7728959635414653	0.0494735805544662
Colorado:AML-23	AML-23	Colorado	KRAS	6761	p+m-LSC	0.8388698581797092	0.1152693626328328	0.8388698581797092	0.0458607791874578
Colorado:AML-22	AML-22	Colorado	N/A	5827	p+m-LSC	0.7048913968512535	0.0001541090258614	0.7048913968512535	0.294954494122885
Colorado:AML-13	AML-13	Colorado	NPM1	7504	p+m-LSC	0.6775385095454042	0.0083176093598169	0.6775385095454042	0.3141438810947789
Colorado:AML-15	AML-15	Colorado	NPM1	1	p+m-LSC	0.977867342547499	0.0219879962186527	0.977867342547499	0.0001446612338482
Milan:PT01__D30	PT01__D30	Milan	NPM1	1284	p+m-LSC	0.988121357541036	0.0026294893903847	0.988121357541036	0.0092491530685793
Milan:PT07__D14	PT07__D14	Milan	NPM1	6904	p+m-LSC	0.9929234429131844	0.0017516631698836	0.9929234429131844	0.0053248939169319
Milan:PT08__D14	PT08__D14	Milan	NPM1	69	p+m-LSC	0.9373041779366345	0.0604724710682577	0.9373041779366345	0.0022233509951077
Milan:PT08__D30	PT08__D30	Milan	NPM1	2527	p+m-LSC	0.973769920485967	0.0185540256753762	0.973769920485967	0.0076760538386566
Milan:PT09__D14	PT09__D14	Milan	NPM1	385	p+m-LSC	0.9964617615726432	0.001831055097491	0.9964617615726432	0.0017071833298659
Milan:PT10__D14	PT10__D14	Milan	NPM1	447	p+m-LSC	0.9797526472400316	0.0177393988650051	0.9797526472400316	0.0025079538949631
CCHMC:0018_Af_N1c	0018_Af_N1c	CCHMC	NPM1c	2147	p+m-LSC	0.5780427267333503	0.0011291695680626	0.5780427267333503	0.420828103698587
CCHMC:0817_E_N1c	0817_E_N1c	CCHMC	NPM1c	10993	p+m-LSC	0.6263270257454185	0.0802189659887495	0.6263270257454185	0.2934540082658319
CCHMC:1102_E_N1c	1102_E_N1c	CCHMC	NPM1c	10525	p+m-LSC	0.6421130330301098	0.1631267863069455	0.6421130330301098	0.1947601806629447
CCHMC:1744_E_N1c	1744_E_N1c	CCHMC	NPM1c	10605	p+m-LSC	0.5116042586594657	0.00034853727354	0.5116042586594657	0.4880472040669942
CCHMC:1827_Af_N1c	1827_Af_N1c	CCHMC	NPM1c	8288	p+m-LSC	0.9037362925147596	0.0071087686315515	0.9037362925147596	0.0891549388536889
CCHMC:2140_E_N1c	2140_E_N1c	CCHMC	NPM1c	6484	p+m-LSC	0.5366399911247609	0.31053068306982	0.5366399911247609	0.1528293258054189
CCHMC:376_Af_N1c	376_Af_N1c	CCHMC	NPM1c	11210	p+m-LSC	0.6526525371975563	0.0077501225716536	0.6526525371975563	0.3395973402307899
Colorado:Pt-69_Dx	Pt-69_Dx	Colorado	NRAS	6534	p+m-LSC	0.5532825776163085	0.5532825776163085	0.420184077973776	0.0265333444099155
NYU-1:AML006	AML006	NYU-1	Pediatric-AML	5231	p+m-LSC	0.4838538642312517	0.1524930415002085	0.4838538642312517	0.3636530942685396
NYU-1:AML026	AML026	NYU-1	Pediatric-AML	5700	p+m-LSC	0.5419545461092132	0.3471508491063558	0.5419545461092132	0.1108946047844309
NYU-1:AML051	AML051	NYU-1	Pediatric-AML	2282	p+m-LSC	0.6365322045795174	0.0533398382924365	0.6365322045795174	0.3101279571280461
NYU-1:AML052	AML052	NYU-1	Pediatric-AML	10783	p+m-LSC	0.9118749972085152	0.0418152676276998	0.9118749972085152	0.0463097351637848
NYU-1:PAUMTZ-EoT	PAUMTZ-EoT	NYU-1	Pediatric-AML	889	p+m-LSC	0.4526128117750723	0.4385515886729202	0.4526128117750723	0.1088355995520073
NYU-1:PAUMTZ-Relapse	PAUMTZ-Relapse	NYU-1	Pediatric-AML	1771	p+m-LSC	0.5600792112289119	0.1295254840778816	0.5600792112289119	0.3103953046932066
NYU-1:PAXMIJ-Relapse	PAXMIJ-Relapse	NYU-1	Pediatric-AML	2299	p+m-LSC	0.4946305819986856	0.1046596545179709	0.4946305819986856	0.4007097634833435
CCHMC:AML-7_CCHMC	AML-7_CCHMC	CCHMC	SRSF2	18517	p+m-LSC	0.4913519906051543	0.0194553787517242	0.4913519906051543	0.4891926306431214
Colorado:AML-05	AML-05	Colorado	TET2	1	p+m-LSC	0.977867342547499	0.0219879962186527	0.977867342547499	0.0001446612338482
Columbia:AML2	AML2	Columbia	TET2	6939	p+m-LSC	0.5081500785105639	0.098581727621754	0.5081500785105639	0.393268193867682
Columbia:AML9	AML9	Columbia	TET2	8941	p+m-LSC	0.4187046390390616	0.2767246491817021	0.4187046390390616	0.3045707117792363
Columbia:AML13	AML13	Columbia		8825	p-LSC	0.5787558749284082	0.0094115699964739	0.4118325550751179	0.5787558749284082
Columbia:AML14	AML14	Columbia		8975	p-LSC	0.9100593399895835	1.8127095964577723e-05	0.0899225329144518	0.9100593399895835
Milan:PT01_PT10__D30	PT01_PT10__D30	Milan		633	p-LSC	0.9487340773474188	0.0008981642484506	0.0503677584041302	0.9487340773474188
Milan:PT09_PT13__D30	PT09_PT13__D30	Milan		536	p-LSC	0.9919864672969968	1.6110285879170732e-05	0.0079974224171241	0.9919864672969968
Columbia:BM_control	BM_control	Columbia	0	5581	p-LSC	0.9989540718717268	1.092181720369758e-05	0.0010350063110694	0.9989540718717268
CCHMC:1702-Et922-66F	1702-Et922-66F	CCHMC	AML	10378	p-LSC	0.991802176267598	0.0001817791447512	0.0080160445876506	0.991802176267598
CCHMC:2660_Ast82_38M	2660_Ast82_38M	CCHMC	AML	6822	p-LSC	0.9537295197245044	0.0004200536888082	0.0458504265866875	0.9537295197245044
EBI:P01__Diagnosis	P01__Diagnosis	EBI	AML	5453	p-LSC	0.9550843155954536	0.0002095092891385	0.0447061751154078	0.9550843155954536
EBI:P01__Relapse	P01__Relapse	EBI	AML	14716	p-LSC	0.8300757745019538	0.0002129510472467	0.1697112744507993	0.8300757745019538
EBI:P02__Diagnosis	P02__Diagnosis	EBI	AML	8162	p-LSC	0.9730282462741848	5.729443537404645e-05	0.0269144592904413	0.9730282462741848
EBI:P03__Diagnosis	P03__Diagnosis	EBI	AML	3779	p-LSC	0.4550858437058879	0.3785932881656848	0.1663208681284272	0.4550858437058879
EBI:P03__Relapse	P03__Relapse	EBI	AML	8435	p-LSC	0.9954882411084628	3.5918404165754545e-05	0.0044758404873713	0.9954882411084628
EBI:P04__Relapse	P04__Relapse	EBI	AML	10491	p-LSC	0.9985183577389248	2.814831617981698e-06	0.0014788274294571	0.9985183577389248
EBI:P05__Relapse	P05__Relapse	EBI	AML	14965	p-LSC	0.997020741520266	5.195593836289193e-06	0.0029740628858976	0.997020741520266
EBI:P07__Relapse	P07__Relapse	EBI	AML	4349	p-LSC	0.9298308299010772	0.0103004111481328	0.05986875895079	0.9298308299010772
EBI:P08__Diagnosis	P08__Diagnosis	EBI	AML	10731	p-LSC	0.944476471161119	0.0044311242616425	0.0510924045772384	0.944476471161119
EBI:P10__Diagnosis	P10__Diagnosis	EBI	AML	13832	p-LSC	0.9999384329317178	3.9269303561274616e-06	5.764013792595824e-05	0.9999384329317178
EBI:P12__Relapse	P12__Relapse	EBI	AML	3519	p-LSC	0.9654401533791797	0.0006743089514027	0.0338855376694178	0.9654401533791797
EBI:P13__Diagnosis	P13__Diagnosis	EBI	AML	9936	p-LSC	0.5392744450592225	0.2194645685028843	0.2412609864378931	0.5392744450592225
EBI:P13__Relapse	P13__Relapse	EBI	AML	6681	p-LSC	0.9944957454937576	6.594443548279932e-05	0.0054383100707594	0.9944957454937576
EBI:P14__Diagnosis	P14__Diagnosis	EBI	AML	10306	p-LSC	0.8801984853720106	0.0001936971845504	0.1196078174434389	0.8801984853720106
EBI:P14__Relapse	P14__Relapse	EBI	AML	8861	p-LSC	0.863146965163546	0.0028838474754728	0.1339691873609809	0.863146965163546
EBI:P15__Diagnosis	P15__Diagnosis	EBI	AML	8863	p-LSC	0.7158593337545076	0.0168362368342491	0.2673044294112434	0.7158593337545076
EBI:P16__Diagnosis	P16__Diagnosis	EBI	AML	5105	p-LSC	0.8641110620960069	0.0237855950048977	0.1121033428990955	0.8641110620960069
EBI:P18__Diagnosis	P18__Diagnosis	EBI	AML	3572	p-LSC	0.9994040687994442	2.4150436524658466e-05	0.0005717807640311	0.9994040687994442
EBI:P20__Diagnosis	P20__Diagnosis	EBI	AML	5377	p-LSC	0.9982180453094436	0.0001237266387495	0.001658228051807	0.9982180453094436
EBI:P20__Relapse	P20__Relapse	EBI	AML	3739	p-LSC	0.9256147307195304	0.0002622297450126	0.074123039535457	0.9256147307195304
EBI:P21__Diagnosis	P21__Diagnosis	EBI	AML	5801	p-LSC	0.9172763546376488	8.798751560800937e-05	0.0826356578467431	0.9172763546376488
EBI:P22__Diagnosis	P22__Diagnosis	EBI	AML	7751	p-LSC	0.6426523274004707	0.0096279217595267	0.3477197508400025	0.6426523274004707
EBI:P22__Relapse	P22__Relapse	EBI	AML	7276	p-LSC	0.7096141855887795	0.00921877527765	0.2811670391335704	0.7096141855887795
EBI:P23__Diagnosis	P23__Diagnosis	EBI	AML	8881	p-LSC	0.9395416523694586	0.0003544518238572	0.0601038958066841	0.9395416523694586
EBI:P23__Relapse	P23__Relapse	EBI	AML	5880	p-LSC	0.941244748563583	7.743653768936173e-05	0.0586778148987277	0.941244748563583
EBI:P24__Diagnosis	P24__Diagnosis	EBI	AML	4573	p-LSC	0.774993702879959	0.0002244861845346	0.2247818109355064	0.774993702879959
EBI:P24__Relapse	P24__Relapse	EBI	AML	6167	p-LSC	0.7293600303862822	4.155691792725726e-05	0.2705984126957906	0.7293600303862822
EBI:P25__Diagnosis	P25__Diagnosis	EBI	AML	7289	p-LSC	0.9997355807315066	1.3460744898577757e-05	0.0002509585235947	0.9997355807315066
EBI:P25__Relapse	P25__Relapse	EBI	AML	6877	p-LSC	0.8980393949999156	0.0413585523565238	0.0606020526435605	0.8980393949999156
NYU-1:AML003	AML003	NYU-1	AML	7939	p-LSC	0.4412013148155836	0.4412013148155836	0.1252484368046101	0.4335502483798062
NYU-1:AML0048	AML0048	NYU-1	AML	7525	p-LSC	0.5081907691056223	0.2966335365267288	0.1951756943676487	0.5081907691056223
NYU-1:AML0114	AML0114	NYU-1	AML	8800	p-LSC	0.818853265569826	0.0047681760517465	0.1763785583784274	0.818853265569826
NYU-1:AML0160	AML0160	NYU-1	AML	4673	p-LSC	0.442098244232011	0.3026478074359198	0.2552539483320691	0.442098244232011
NYU-1:AML033	AML033	NYU-1	AML	6085	p-LSC	0.4472686134706088	0.3203073386381484	0.2324240478912427	0.4472686134706088
NYU-1:AML0361	AML0361	NYU-1	AML	4644	p-LSC	0.537987923214171	0.1744585682682074	0.2875535085176215	0.537987923214171
NYU-1:AML0612	AML0612	NYU-1	AML	14671	p-LSC	0.5530441928462566	0.0005227350877072	0.4464330720660361	0.5530441928462566
NYU-1:AML1540	AML1540	NYU-1	AML	8559	p-LSC	0.698913197514083	0.1099062185842097	0.1911805839017074	0.698913197514083
NYU-1:AML22-Decitabine	AML22-Decitabine	NYU-1	AML	6760	p-LSC	0.9995919664143664	1.5755262591493215e-05	0.0003922783230422	0.9995919664143664
NYU-1:AML2910	AML2910	NYU-1	AML	10752	p-LSC	0.8279225831846827	0.0158210328114016	0.1562563840039156	0.8279225831846827
NYU-1:AML3050	AML3050	NYU-1	AML	5229	p-LSC	0.4299071210148928	0.1852993097439213	0.3847935692411858	0.4299071210148928
NYU-1:AML3762	AML3762	NYU-1	AML	17641	p-LSC	0.5785099607682186	0.0050462889108535	0.4164437503209278	0.5785099607682186
NYU-1:AML3948	AML3948	NYU-1	AML	13498	p-LSC	0.8126246798256472	0.0031750524260494	0.1842002677483034	0.8126246798256472
NYU-1:AML5292	AML5292	NYU-1	AML	5402	p-LSC	0.999625358700558	8.14144628328828e-06	0.0003664998531586	0.999625358700558
NYU-1:MDS1123	MDS1123	NYU-1	AML	1956	p-LSC	0.973662221601328	0.0007122347855551	0.0256255436131168	0.973662221601328
NYU-1:MDS585	MDS585	NYU-1	AML	3049	p-LSC	0.9446369152692464	0.0025683975188561	0.0527946872118975	0.9446369152692464
NYU-1:NA-SRR16208930	NA-SRR16208930	NYU-1	AML	7488	p-LSC	0.9601859697602292	0.0011040874887135	0.0387099427510572	0.9601859697602292
NYU-1:NA-SRR16208931	NA-SRR16208931	NYU-1	AML	7413	p-LSC	0.9737318638874636	0.0011288677270481	0.0251392683854881	0.9737318638874636
NYU-1:NA-SRR16208932	NA-SRR16208932	NYU-1	AML	7314	p-LSC	0.9702542263230284	0.0009079062990927	0.0288378673778787	0.9702542263230284
NYU-1:R2-TotalSeqA	R2-TotalSeqA	NYU-1	AML	11110	p-LSC	0.947879549220639	0.0005394872968384	0.0515809634825224	0.947879549220639
NYU-1:TALL4954	TALL4954	NYU-1	AML	12785	p-LSC	0.9988920392617584	1.3744538739667826e-05	0.0010942161995017	0.9988920392617584
NYU-1:empty	empty	NYU-1	AML	9097	p-LSC	0.5887198843308148	0.1678946072476354	0.2433855084215497	0.5887198843308148
NYU-1:hashtag2-SRR16208958	hashtag2-SRR16208958	NYU-1	AML	911	p-LSC	0.6027443572097086	0.0057248952175561	0.3915307475727352	0.6027443572097086
NYU-1:hashtag2-SRR16208964	hashtag2-SRR16208964	NYU-1	AML	1323	p-LSC	0.7350256673146132	0.0014213793319205	0.2635529533534663	0.7350256673146132
NYU-1:hashtag2-SRR16208965	hashtag2-SRR16208965	NYU-1	AML	2487	p-LSC	0.6823556028914557	0.0002611248066251	0.3173832723019192	0.6823556028914557
NYU-1:hashtag4-SRR16208965	hashtag4-SRR16208965	NYU-1	AML	3470	p-LSC	0.858193135053175	4.2572257976664565e-05	0.1417642926888483	0.858193135053175
NYU-1:hashtag4-SRR16208966	hashtag4-SRR16208966	NYU-1	AML	3693	p-LSC	0.8761409590101629	3.189984819013998e-05	0.1238271411416469	0.8761409590101629
NYU-1:hashtag4-SRR16208967	hashtag4-SRR16208967	NYU-1	AML	3450	p-LSC	0.7591080201310759	0.0001156229174335	0.2407763569514904	0.7591080201310759
NYU-1:hashtag5-SRR16208965	hashtag5-SRR16208965	NYU-1	AML	3606	p-LSC	0.8787452315930538	0.0001572209334545	0.1210975474734916	0.8787452315930538
NYU-1:hashtag5-SRR16208966	hashtag5-SRR16208966	NYU-1	AML	3710	p-LSC	0.8910647805246277	0.0001908560763248	0.1087443633990475	0.8910647805246277
NYU-1:hashtag5-SRR16208967	hashtag5-SRR16208967	NYU-1	AML	3386	p-LSC	0.8282919490356921	0.0004376750144689	0.1712703759498389	0.8282919490356921
NYU-1:hashtag6-SRR16208965	hashtag6-SRR16208965	NYU-1	AML	4744	p-LSC	0.6443208402181996	0.0002227346999767	0.3554564250818235	0.6443208402181996
NYU-1:hashtag6-SRR16208966	hashtag6-SRR16208966	NYU-1	AML	4734	p-LSC	0.7784782889237967	5.98332333663348e-05	0.221461877842837	0.7784782889237967
NYU-1:hashtag6-SRR16208967	hashtag6-SRR16208967	NYU-1	AML	4634	p-LSC	0.6468528311460556	0.0002321009573597	0.3529150678965847	0.6468528311460556
NYU-1:hashtag7-SRR16208965	hashtag7-SRR16208965	NYU-1	AML	4	p-LSC	1.0	0.0	0.0	1.0
NYU-1:hashtag7-SRR16208966	hashtag7-SRR16208966	NYU-1	AML	6	p-LSC	1.0	0.0	0.0	1.0
NYU-2:AML-11	AML-11	NYU-2	AML	19905	p-LSC	0.7727788347443785	0.0216770201025045	0.2055441451531169	0.7727788347443785
NYU-2:AML-16-Dx	AML-16-Dx	NYU-2	AML	3547	p-LSC	0.5967924328087899	0.1227338155236422	0.2804737516675678	0.5967924328087899
NYU-2:AML-17-D1	AML-17-D1	NYU-2	AML	7350	p-LSC	0.5738176929788349	0.0002558245449684	0.4259264824761966	0.5738176929788349
NYU-2:AML-17-D2	AML-17-D2	NYU-2	AML	7829	p-LSC	0.5215015745507534	0.0004733547746319	0.4780250706746147	0.5215015745507534
NYU-2:AML-19-Dx1	AML-19-Dx1	NYU-2	AML	10786	p-LSC	0.7712973125119246	0.0401185536346473	0.188584133853428	0.7712973125119246
NYU-2:AML-19-Dx2	AML-19-Dx2	NYU-2	AML	7554	p-LSC	0.907887248493469	0.0276860797773517	0.0644266717291792	0.907887248493469
NYU-2:AML-19-R1	AML-19-R1	NYU-2	AML	12406	p-LSC	0.9446045658900316	7.090770160543054e-05	0.0553245264083631	0.9446045658900316
NYU-2:AML-19-R2	AML-19-R2	NYU-2	AML	11801	p-LSC	0.9654915862896484	8.529773630849759e-05	0.034423115974043	0.9654915862896484
NYU-2:AML-20-Dx	AML-20-Dx	NYU-2	AML	4525	p-LSC	0.9269690751004688	0.0001196679395962	0.0729112569599349	0.9269690751004688
NYU-2:AML-20-R1	AML-20-R1	NYU-2	AML	577	p-LSC	0.7283277235540737	0.0012122555735001	0.2704600208724261	0.7283277235540737
NYU-2:AML-21-R1	AML-21-R1	NYU-2	AML	8201	p-LSC	0.9977026067179418	1.4270373055703168e-06	0.0022959662447526	0.9977026067179418
NYU-2:AML0048	AML0048	NYU-2	AML	23520	p-LSC	0.7027309883971252	0.1950989692843937	0.102170042318481	0.7027309883971252
NYU-2:AML2123	AML2123	NYU-2	AML	17439	p-LSC	0.7003123368140546	0.0324111944900319	0.2672764686959134	0.7003123368140546
WashU:10DD-1086__Treatment	10DD-1086__Treatment	WashU	AML	5056	p-LSC	0.6626760910511638	0.1720037942365507	0.1653201147122855	0.6626760910511638
Colorado:Pt-89_Dx	Pt-89_Dx	Colorado	ASXL1	6406	p-LSC	0.9049308255172616	0.000254733469981	0.0948144410127572	0.9049308255172616
WashU:10DD-1058__Treatment	10DD-1058__Treatment	WashU	CEBPA	1631	p-LSC	0.84702695132031	0.017308775320293	0.135664273359397	0.84702695132031
Colorado:AML-14	AML-14	Colorado	CKIT	8538	p-LSC	0.9901952693156996	0.0003876774553077	0.0094170532289928	0.9901952693156996
CCHMC:AML-14_CCHMC	AML-14_CCHMC	CCHMC	CSF3R	7796	p-LSC	0.9810836762417778	0.0006975579555251	0.0182187658026968	0.9810836762417778
3v2:GSM3901485	GSM3901485	3v2	Control	12864	p-LSC	0.9997951316055502	5.57351373900712e-06	0.0001992948807107	0.9997951316055502
3v2:GSM3901486	GSM3901486	3v2	Control	12387	p-LSC	0.9998167595964058	7.372906482662908e-06	0.0001758674971116	0.9998167595964058
3v2:GSM3901487	GSM3901487	3v2	Control	5416	p-LSC	0.9999652019613168	4.612010696956602e-07	3.43368376136918e-05	0.9999652019613168
3v2:GSM3901488	GSM3901488	3v2	Control	5376	p-LSC	0.999488814084275	4.629074367440712e-06	0.0005065568413574	0.999488814084275
3v3:adult_bone_marrow_1	adult_bone_marrow_1	3v3	Control	6094	p-LSC	0.997188537830774	6.711837748303874e-05	0.0027443437917427	0.997188537830774
CCHMC:AM72	AM72	CCHMC	Control	25605	p-LSC	0.9580877749339096	0.0046229101111406	0.0372893149549499	0.9580877749339096
CCHMC:BF21	BF21	CCHMC	Control	24722	p-LSC	0.9497219613521988	0.0037138413777662	0.046564197270035	0.9497219613521988
CCHMC:BF32	BF32	CCHMC	Control	111937	p-LSC	0.995024199851136	0.0004344839155954	0.0045413162332684	0.995024199851136
CCHMC:BF71	BF71	CCHMC	Control	20502	p-LSC	0.93045088564766	0.0187922985361998	0.0507568158161403	0.93045088564766
CCHMC:BM27	BM27	CCHMC	Control	23859	p-LSC	0.9920375226348954	0.0011183006433174	0.0068441767217871	0.9920375226348954
CCHMC:BM32	BM32	CCHMC	Control	86117	p-LSC	0.9744851969313972	0.0015778690532483	0.0239369340153541	0.9744851969313972
CCHMC:WF26	WF26	CCHMC	Control	23581	p-LSC	0.9951092678369317	0.0004582260560194	0.0044325061070487	0.9951092678369317
CCHMC:WF32	WF32	CCHMC	Control	90881	p-LSC	0.993748884890426	0.0004531818447814	0.0057979332647925	0.993748884890426
CCHMC:WF83	WF83	CCHMC	Control	23979	p-LSC	0.8859290800437368	0.0125589842062572	0.1015119357500058	0.8859290800437368
CCHMC:WM22	WM22	CCHMC	Control	106253	p-LSC	0.998198494417728	0.0002123869509048	0.001589118631367	0.998198494417728
CCHMC:WM34	WM34	CCHMC	Control	19917	p-LSC	0.9925572072369332	0.000991593895995	0.0064511988670718	0.9925572072369332
CCHMC:WM72	WM72	CCHMC	Control	12363	p-LSC	0.968029443271587	0.0023833108866242	0.0295872458417886	0.968029443271587
EBI:Donor 2	Donor 2	EBI	Control	1791	p-LSC	0.4666895041683723	0.1207145629115215	0.412595932920106	0.4666895041683723
NIH:UPN111	UPN111	NIH	Control	51345	p-LSC	0.9675414983552936	0.0073131717264129	0.0251453299182935	0.9675414983552936
NIH:UPN112	UPN112	NIH	Control	26536	p-LSC	0.961503944264238	0.0026113218757043	0.0358847338600576	0.961503944264238
NIH:UPN113	UPN113	NIH	Control	51355	p-LSC	0.9624013911851574	0.007438943090658	0.0301596657241844	0.9624013911851574
NIH:UPN114	UPN114	NIH	Control	37247	p-LSC	0.4603213573740507	0.3179331083411239	0.2217455342848254	0.4603213573740507
NYU-1:Control0005	Control0005	NYU-1	Control	12350	p-LSC	0.5064644072344052	0.3653908303343621	0.1281447624312326	0.5064644072344052
NYU-1:Control4003	Control4003	NYU-1	Control	11889	p-LSC	0.4300072889760176	0.4300072889760176	0.2044172842227453	0.3655754268012369
WashU:ND050119__Normal donor	ND050119__Normal donor	WashU	Control	5327	p-LSC	0.9987496464666176	0.0002297048953291	0.0010206486380532	0.9987496464666176
WashU:ND050819__Normal donor	ND050819__Normal donor	WashU	Control	7075	p-LSC	0.9089079877197876	0.0455301417557357	0.0455618705244766	0.9089079877197876
Milan:PT11__D30	PT11__D30	Milan	DEL(7)	6854	p-LSC	0.7131071060867422	0.002060882959423	0.2848320109538347	0.7131071060867422
Milan:PT11__Diagnosis	PT11__Diagnosis	Milan	DEL(7)	6904	p-LSC	0.999739721024769	4.481982911827035e-06	0.000255796992319	0.999739721024769
Milan:PT17__D14	PT17__D14	Milan	DEL(7)	5803	p-LSC	0.5349704585036201	0.2365693644805812	0.2284601770157986	0.5349704585036201
Milan:PT17__D30	PT17__D30	Milan	DEL(7)	9382	p-LSC	0.998672556103863	4.924533140991575e-05	0.0012781985647271	0.998672556103863
Milan:PT17__Diagnosis	PT17__Diagnosis	Milan	DEL(7)	8052	p-LSC	0.9773353503001212	7.880487867044292e-05	0.0225858448212083	0.9773353503001212
Milan:PT18__D14	PT18__D14	Milan	DEL(7)	4213	p-LSC	0.9886876706354912	2.672757724191761e-06	0.0113096566067845	0.9886876706354912
Milan:PT18__Diagnosis	PT18__Diagnosis	Milan	DEL(7)	7408	p-LSC	0.8542911767305107	1.84101197751496e-05	0.145690413149714	0.8542911767305107
WashU:869922__Diagnosis	869922__Diagnosis	WashU	DNMT3A	7706	p-LSC	0.8705437524913471	0.0001262002357951	0.1293300472728579	0.8705437524913471
Colorado:AML-04	AML-04	Colorado	FLT3	6847	p-LSC	0.7614860453710321	0.0001521761821243	0.2383617784468434	0.7614860453710321
Colorado:AML-09	AML-09	Colorado	FLT3	6665	p-LSC	0.7254042650508745	0.0022409468678736	0.2723547880812518	0.7254042650508745
Colorado:AML-10	AML-10	Colorado	FLT3	11503	p-LSC	0.9777440714188342	0.0005929168227856	0.0216630117583799	0.9777440714188342
Colorado:AML-21	AML-21	Colorado	FLT3	8359	p-LSC	0.8266035523844628	4.473602089619125e-05	0.173351711594641	0.8266035523844628
Colorado:Pt-20_Dx	Pt-20_Dx	Colorado	FLT3-ITD	4565	p-LSC	0.6203301871930137	0.0089995676277565	0.3706702451792298	0.6203301871930137
WashU:10DD-1009__Diagnosis	10DD-1009__Diagnosis	WashU	FLT3-ITD	10277	p-LSC	0.990444999710444	3.5916402690085046e-05	0.009519083886866	0.990444999710444
WashU:10DD-1009__Relapse	10DD-1009__Relapse	WashU	FLT3-ITD	5237	p-LSC	0.971995195244785	1.4247367606782906e-05	0.0279905573876083	0.971995195244785
WashU:332131__Diagnosis	332131__Diagnosis	WashU	FLT3-ITD	8971	p-LSC	0.9432537169963552	0.0012965421721107	0.055449740831534	0.9432537169963552
WashU:508084__Diagnosis	508084__Diagnosis	WashU	FLT3-ITD	16494	p-LSC	0.9592839539535332	0.003522463662391	0.0371935823840756	0.9592839539535332
WashU:508084__Relapse	508084__Relapse	WashU	FLT3-ITD	14278	p-LSC	0.967628551670243	0.0022591738276192	0.0301122745021377	0.967628551670243
Colorado:AML-03	AML-03	Colorado	IDH1	6654	p-LSC	0.8258833897025674	2.865699075602584e-05	0.1740879533066765	0.8258833897025674
CCHMC:1009_AfInv16_29M	1009_AfInv16_29M	CCHMC	Inv16	6494	p-LSC	0.4848884024794326	0.0512175810201858	0.4638940165003815	0.4848884024794326
CCHMC:1036_EInv16_22M	1036_EInv16_22M	CCHMC	Inv16	9189	p-LSC	0.6619571978078144	0.0827690458267424	0.2552737563654432	0.6619571978078144
CCHMC:1060_EInv16_19M	1060_EInv16_19M	CCHMC	Inv16	8932	p-LSC	0.932796250598894	0.0002878791752004	0.0669158702259056	0.932796250598894
CCHMC:1076_AfInv16_51M	1076_AfInv16_51M	CCHMC	Inv16	11857	p-LSC	0.9768755989851058	0.0003890997074032	0.022735301307491	0.9768755989851058
CCHMC:1147_EInv16_44M	1147_EInv16_44M	CCHMC	Inv16	7162	p-LSC	0.9986973679234068	7.319648488409031e-05	0.001229435591709	0.9986973679234068
CCHMC:2698_EInv16_P47M	2698_EInv16_P47M	CCHMC	Inv16	9237	p-LSC	0.8635394686076905	0.0010826688864259	0.1353778625058836	0.8635394686076905
CCHMC:287_AfInv_P53F_N1c	287_AfInv_P53F_N1c	CCHMC	Inv16	5914	p-LSC	0.8518857191925178	0.0060312835540256	0.1420829972534565	0.8518857191925178
CCHMC:301_AfInv16_29M	301_AfInv16_29M	CCHMC	Inv16	10926	p-LSC	0.8766032562570883	0.0008673487854558	0.1225293949574557	0.8766032562570883
CCHMC:3114_EInv_45F	3114_EInv_45F	CCHMC	Inv16	11729	p-LSC	0.9459236112605558	0.0015147152677213	0.0525616734717228	0.9459236112605558
CCHMC:4440_AfInv16_P24M	4440_AfInv16_P24M	CCHMC	Inv16	4881	p-LSC	0.9482084607490552	0.0013562578148519	0.0504352814360928	0.9482084607490552
CCHMC:4924_AfInv16_P49M	4924_AfInv16_P49M	CCHMC	Inv16	8968	p-LSC	0.8277470803941354	3.2680744466046344e-05	0.1722202388613986	0.8277470803941354
CCHMC:5381v2_AfInv16_P49M	5381v2_AfInv16_P49M	CCHMC	Inv16	6242	p-LSC	0.8857454807646864	0.0024325427003859	0.1118219765349277	0.8857454807646864
CCHMC:550_EInv16_38M	550_EInv16_38M	CCHMC	Inv16	8812	p-LSC	0.7825260774819534	0.0347256671585013	0.1827482553595452	0.7825260774819534
CCHMC:568_AfInv16_P24M	568_AfInv16_P24M	CCHMC	Inv16	10944	p-LSC	0.9789400994674742	0.0004367659762574	0.0206231345562683	0.9789400994674742
CCHMC:727_EInv16_35M	727_EInv16_35M	CCHMC	Inv16	5701	p-LSC	0.4908001272476304	0.2776101125772307	0.2315897601751388	0.4908001272476304
CCHMC:754_EInv16_47M	754_EInv16_47M	CCHMC	Inv16	4237	p-LSC	0.8558658585314562	0.0007283911478136	0.14340575032073	0.8558658585314562
WashU:10DD-1051__Diagnosis	10DD-1051__Diagnosis	WashU	KRAS	3216	p-LSC	0.3862535324841041	0.2980099400456218	0.315736527470274	0.3862535324841041
Colorado:Pt-16_Dx	Pt-16_Dx	Colorado	NPM1	8103	p-LSC	0.5057365947369441	0.0135394714560942	0.4807239338069617	0.5057365947369441
Milan:PT01__Diagnosis	PT01__Diagnosis	Milan	NPM1	3877	p-LSC	0.9999812052998932	2.662167713484835e-07	1.85284833353778e-05	0.9999812052998932
Milan:PT02__D30	PT02__D30	Milan	NPM1	2250	p-LSC	0.931315331711279	0.0045136671770846	0.0641710011116363	0.931315331711279
Milan:PT02__Diagnosis	PT02__Diagnosis	Milan	NPM1	1804	p-LSC	0.9984433181586456	2.3968298533694104e-06	0.0015542850115011	0.9984433181586456
Milan:PT06__Diagnosis	PT06__Diagnosis	Milan	NPM1	3666	p-LSC	0.941640694164982	7.801934157819546e-05	0.0582812864934397	0.941640694164982
Milan:PT08__Diagnosis	PT08__Diagnosis	Milan	NPM1	3885	p-LSC	0.9315230509720628	2.266434696865256e-05	0.0684542846809684	0.9315230509720628
Milan:PT08__Relapse	PT08__Relapse	Milan	NPM1	9418	p-LSC	0.9523821039734712	0.0001164827448548	0.047501413281674	0.9523821039734712
Milan:PT09__Diagnosis	PT09__Diagnosis	Milan	NPM1	7233	p-LSC	0.9926290168982794	0.0001323703609438	0.0072386127407766	0.9926290168982794
Milan:PT10__Diagnosis	PT10__Diagnosis	Milan	NPM1	3907	p-LSC	0.8092220565850465	0.0016246970055746	0.1891532464093788	0.8092220565850465
Milan:PT12__D30	PT12__D30	Milan	NPM1	1620	p-LSC	0.8630239073140505	0.0035459376550481	0.1334301550309013	0.8630239073140505
Milan:PT12__Diagnosis	PT12__Diagnosis	Milan	NPM1	3753	p-LSC	0.6830953193950561	0.0064656441658214	0.3104390364391226	0.6830953193950561
Milan:PT13__Diagnosis	PT13__Diagnosis	Milan	NPM1	4224	p-LSC	0.9996997220585888	3.861015043887707e-07	0.0002998918399069	0.9996997220585888
Milan:PT15__Diagnosis	PT15__Diagnosis	Milan	NPM1	4215	p-LSC	0.9974734777920377	0.0001869819656719	0.0023395402422903	0.9974734777920377
Milan:PT15__Relapse	PT15__Relapse	Milan	NPM1	4187	p-LSC	0.9999966595253162	8.138200260476318e-08	3.259092681163981e-06	0.9999966595253162
Milan:PT19__Relapse	PT19__Relapse	Milan	NPM1	5692	p-LSC	0.9944977904104276	3.3114286338692025e-07	0.005501878446709	0.9944977904104276
CCHMC:0316_E_N1c	0316_E_N1c	CCHMC	NPM1c	7287	p-LSC	0.9070192176238016	4.584007902795931e-05	0.0929349422971704	0.9070192176238016
CCHMC:1239_EST8_44M_N1c	1239_EST8_44M_N1c	CCHMC	NPM1c	7506	p-LSC	0.9886896668373008	6.512151268951542e-05	0.0112452116500096	0.9886896668373008
CCHMC:171_Af_N1c	171_Af_N1c	CCHMC	NPM1c	8817	p-LSC	0.8120616087593107	5.252568308601518e-05	0.1878858655576032	0.8120616087593107
CCHMC:1893_Af_N1c	1893_Af_N1c	CCHMC	NPM1c	16607	p-LSC	0.8119741525265232	5.147036480457934e-05	0.1879743771086723	0.8119741525265232
CCHMC:596_E_N1c	596_E_N1c	CCHMC	NPM1c	11349	p-LSC	0.8497832743013507	0.001411404422167	0.1488053212764821	0.8497832743013507
WashU:220882__Diagnosis	220882__Diagnosis	WashU	NPM1c	14213	p-LSC	0.9488717863144632	0.0012263761233909	0.0499018375621459	0.9488717863144632
WashU:220882__Relapse	220882__Relapse	WashU	NPM1c	6017	p-LSC	0.9875002141913908	0.0057217055622306	0.0067780802463785	0.9875002141913908
WashU:452198__Relapse	452198__Relapse	WashU	NPM1c	19835	p-LSC	0.9969414526708942	5.489074341672024e-07	0.0030579984216715	0.9969414526708942
WashU:868442__Diagnosis	868442__Diagnosis	WashU	NPM1c	7242	p-LSC	0.8437482222460029	0.0741611735037904	0.0820906042502065	0.8437482222460029
Colorado:AML-02	AML-02	Colorado	NRAS	8894	p-LSC	0.5968153910866142	0.0009148562251698	0.4022697526882159	0.5968153910866142
CCHMC:143_AfST8_P64M	143_AfST8_P64M	CCHMC	PHIP	6832	p-LSC	0.7396175585830722	0.0003596364406819	0.2600228049762459	0.7396175585830722
CCHMC:1782_Aft36_P71F	1782_Aft36_P71F	CCHMC	PHIP	10208	p-LSC	0.9287389648040492	4.1966475583325655e-05	0.0712190687203674	0.9287389648040492
CCHMC:1906_Aft82_P36M	1906_Aft82_P36M	CCHMC	PHIP	7303	p-LSC	0.9723898318469149	4.424671809919871e-05	0.0275659214349859	0.9723898318469149
CCHMC:2270_Aft36_P71F	2270_Aft36_P71F	CCHMC	PHIP	8868	p-LSC	0.983172945902408	0.0006874058400874	0.0161396482575047	0.983172945902408
CCHMC:2853_Aft36_P71F	2853_Aft36_P71F	CCHMC	PHIP	7844	p-LSC	0.9959875298047712	0.000428399160761	0.0035840710344675	0.9959875298047712
CCHMC:3410_AfST8_P64M	3410_AfST8_P64M	CCHMC	PHIP	16652	p-LSC	0.6815194880853793	0.0005457753920996	0.317934736522521	0.6815194880853793
NYU-1:AML005	AML005	NYU-1	Pediatric-AML	6434	p-LSC	0.9881921222121292	0.0001227899943236	0.0116850877935469	0.9881921222121292
NYU-1:AML009	AML009	NYU-1	Pediatric-AML	9228	p-LSC	0.9176375059737338	0.0001923215886571	0.082170172437609	0.9176375059737338
NYU-1:AML022	AML022	NYU-1	Pediatric-AML	2502	p-LSC	0.7145258451887878	0.0190116017344875	0.2664625530767247	0.7145258451887878
NYU-1:AML025	AML025	NYU-1	Pediatric-AML	6345	p-LSC	0.9777313229482244	0.0005028452257482	0.0217658318260273	0.9777313229482244
NYU-1:AML055	AML055	NYU-1	Pediatric-AML	6728	p-LSC	0.8022682062717961	0.0011534728261176	0.1965783209020862	0.8022682062717961
NYU-1:AML073	AML073	NYU-1	Pediatric-AML	9785	p-LSC	0.5869113716345488	0.0181345006149702	0.394954127750481	0.5869113716345488
NYU-1:PAUMTZ	PAUMTZ	NYU-1	Pediatric-AML	2954	p-LSC	0.8190172747906956	0.0006971822052884	0.1802855430040158	0.8190172747906956
NYU-1:PAWWEE	PAWWEE	NYU-1	Pediatric-AML	1209	p-LSC	0.9969751373279478	7.648844856231187e-06	0.0030172138271959	0.9969751373279478
WashU:10DD-1010__Diagnosis	10DD-1010__Diagnosis	WashU	SF3B1	3625	p-LSC	0.9752456120801316	0.0006153421884003	0.0241390457314679	0.9752456120801316
WashU:10DD-1010__Relapse	10DD-1010__Relapse	WashU	SF3B1	5805	p-LSC	0.6826113864669153	0.0147083514815042	0.3026802620515804	0.6826113864669153
WashU:10DD-1061__Diagnosis	10DD-1061__Diagnosis	WashU	SF3B1	4720	p-LSC	0.7251734036511056	0.1762593745230109	0.0985672218258836	0.7251734036511056
WashU:10DD-1070__Diagnosis	10DD-1070__Diagnosis	WashU	SF3B1	6385	p-LSC	0.5106419421248851	0.1002348376539069	0.3891232202212079	0.5106419421248851
WashU:10DD-1070__Treatment	10DD-1070__Treatment	WashU	SF3B1	9659	p-LSC	0.8402683482222739	0.0185494176556822	0.1411822341220437	0.8402683482222739
WashU:916462__Diagnosis	916462__Diagnosis	WashU	SF3B1 NPM1 FLT3	5255	p-LSC	0.857155741115692	0.0013451295502073	0.1414991293341007	0.857155741115692
WashU:10DD-1003__Diagnosis	10DD-1003__Diagnosis	WashU	SRSF2	5236	p-LSC	0.6128040196686305	0.0141607385015441	0.3730352418298253	0.6128040196686305
WashU:10DD-1003__Relapse	10DD-1003__Relapse	WashU	SRSF2	6463	p-LSC	0.5701163416093712	0.0465321426049577	0.3833515157856711	0.5701163416093712
Colorado:AML-01	AML-01	Colorado	TET2	6604	p-LSC	0.9451423378827104	0.0001573420238432	0.054700320093446	0.9451423378827104
Columbia:AML1	AML1	Columbia	TET2	30098	p-LSC	0.9200035635274432	0.016098477171006	0.0638979593015508	0.9200035635274432
Columbia:AML10	AML10	Columbia	TET2	9715	p-LSC	0.7645104955305879	0.0677280368052626	0.1677614676641493	0.7645104955305879
Columbia:AML11	AML11	Columbia	TET2	11993	p-LSC	0.850398024103287	0.0001419023590753	0.1494600735376375	0.850398024103287
Columbia:AML12	AML12	Columbia	TET2	11584	p-LSC	0.9025089133658356	8.967075475576563e-05	0.0974014158794087	0.9025089133658356
Columbia:AML3	AML3	Columbia	TET2	8504	p-LSC	0.8012361775516683	0.0155307694867993	0.1832330529615323	0.8012361775516683
Columbia:AML4	AML4	Columbia	TET2	16909	p-LSC	0.6324965476507687	0.0806024662569471	0.2869009860922842	0.6324965476507687
Columbia:AML5	AML5	Columbia	TET2	7823	p-LSC	0.7749955143542233	0.0001149754937192	0.2248895101520574	0.7749955143542233
Columbia:AML6	AML6	Columbia	TET2	9181	p-LSC	0.7450529197629795	0.0020543523621501	0.2528927278748704	0.7450529197629795
WashU:10DD-1014__Treatment	10DD-1014__Treatment	WashU	TP53	1186	p-LSC	0.5579912789551881	0.2057114076713227	0.2362973133734892	0.5579912789551881
WashU:10DD-1062__Diagnosis	10DD-1062__Diagnosis	WashU	TP53	2497	p-LSC	0.6813818455032389	0.1291778428839881	0.1894403116127729	0.6813818455032389
WashU:10DD-1062__Treatment	10DD-1062__Treatment	WashU	TP53	1946	p-LSC	0.412224344498998	0.4064120441488781	0.1813636113521237	0.412224344498998
WashU:10DD-1065__Diagnosis	10DD-1065__Diagnosis	WashU	TP53	2262	p-LSC	0.9752646598161022	0.003178311046818	0.0215570291370795	0.9752646598161022
WashU:10DD-1065__Treatment	10DD-1065__Treatment	WashU	TP53	2733	p-LSC	0.9999957241347572	1.5960920327302895e-06	2.679773209986636e-06	0.9999957241347572
WashU:10DD-1085__Diagnosis	10DD-1085__Diagnosis	WashU	TP53	4343	p-LSC	0.99577719105025	0.0030301799230092	0.0011926290267407	0.99577719105025
WashU:10DD-1085__Relapse	10DD-1085__Relapse	WashU	TP53	3027	p-LSC	0.5211953262167364	0.0859855974631237	0.3928190763201399	0.5211953262167364
WashU:10DD-1002__Diagnosis	10DD-1002__Diagnosis	WashU	TP53 U2AF1	6373	p-LSC	0.9380481577024024	0.0036277770375577	0.0583240652600397	0.9380481577024024
WashU:10DD-1002__Treatment	10DD-1002__Treatment	WashU	TP53 U2AF1	4002	p-LSC	0.9657233468628952	0.0026877941397934	0.0315888589973113	0.9657233468628952
WashU:869586__Diagnosis	869586__Diagnosis	WashU	WT1	10775	p-LSC	0.5842470545502124	0.0069670278640415	0.4087859175857459	0.5842470545502124
WashU:869586__Relapse	869586__Relapse	WashU	WT1	5528	p-LSC	0.9667406242223952	0.0001899056675318	0.0330694701100729	0.9667406242223952
