modality	mutation	model	npos	auc
Lipid	cyto_complex	logL2	4	0.8863636363636362
Lipid	cyto_complex	logL1	4	0.8409090909090908
Lipid	cyto_complex	elastic	4	0.8522727272727273
Lipid	cyto_complex	linSVM	4	0.8863636363636362
Lipid	cyto_complex	shrLDA	4	0.9431818181818181
Lipid	cyto_complex	PLS	4	0.9431818181818181
Lipid	cyto_complex	RF	4	0.8409090909090909
Lipid	cyto_complex	HistGB	4	0.8409090909090909
Lipid	cyto_complex	NaiveB	4	0.75
Lipid	cyto_complex	kNN	4	0.8181818181818181
Lipid	cyto_complex	MLP	4	0.6704545454545455
Lipid	cyto_inv16	logL2	4	0.9090909090909091
Lipid	cyto_inv16	logL1	4	0.9772727272727273
Lipid	cyto_inv16	elastic	4	0.9545454545454546
Lipid	cyto_inv16	linSVM	4	0.9772727272727273
Lipid	cyto_inv16	shrLDA	4	0.9545454545454545
Lipid	cyto_inv16	PLS	4	0.9772727272727273
Lipid	cyto_inv16	RF	4	0.8522727272727273
Lipid	cyto_inv16	HistGB	4	0.9090909090909091
Lipid	cyto_inv16	NaiveB	4	0.8409090909090908
Lipid	cyto_inv16	kNN	4	0.8693181818181818
Lipid	cyto_inv16	MLP	4	0.8409090909090908
Lipid	cyto_trisomy8	logL2	5	0.9142857142857144
Lipid	cyto_trisomy8	logL1	5	0.7142857142857143
Lipid	cyto_trisomy8	elastic	5	0.761904761904762
Lipid	cyto_trisomy8	linSVM	5	0.9142857142857144
Lipid	cyto_trisomy8	shrLDA	5	0.9238095238095239
Lipid	cyto_trisomy8	PLS	5	0.9142857142857143
Lipid	cyto_trisomy8	RF	5	0.7523809523809524
Lipid	cyto_trisomy8	HistGB	5	0.7523809523809524
Lipid	cyto_trisomy8	NaiveB	5	0.6190476190476191
Lipid	cyto_trisomy8	kNN	5	0.6238095238095239
Lipid	cyto_trisomy8	MLP	5	0.580952380952381
Lipid	mut_DNMT3A	logL2	8	0.7291666666666667
Lipid	mut_DNMT3A	logL1	8	0.6805555555555556
Lipid	mut_DNMT3A	elastic	8	0.7569444444444444
Lipid	mut_DNMT3A	linSVM	8	0.826388888888889
Lipid	mut_DNMT3A	shrLDA	8	0.8819444444444444
Lipid	mut_DNMT3A	PLS	8	0.8194444444444444
Lipid	mut_DNMT3A	RF	8	0.5625
Lipid	mut_DNMT3A	HistGB	8	0.6597222222222222
Lipid	mut_DNMT3A	NaiveB	8	0.4722222222222222
Lipid	mut_DNMT3A	kNN	8	0.5381944444444444
Lipid	mut_DNMT3A	MLP	8	0.3819444444444444
Lipid	mut_FLT3	logL2	10	0.6625
Lipid	mut_FLT3	logL1	10	0.59375
Lipid	mut_FLT3	elastic	10	0.63125
Lipid	mut_FLT3	linSVM	10	0.65625
Lipid	mut_FLT3	shrLDA	10	0.60625
Lipid	mut_FLT3	PLS	10	0.5625
Lipid	mut_FLT3	RF	10	0.6125
Lipid	mut_FLT3	HistGB	10	0.5875
Lipid	mut_FLT3	NaiveB	10	0.6625
Lipid	mut_FLT3	kNN	10	0.6499999999999999
Lipid	mut_FLT3	MLP	10	0.7250000000000001
Lipid	mut_FLT3-ITD	logL2	7	0.7593984962406015
Lipid	mut_FLT3-ITD	logL1	7	0.8120300751879699
Lipid	mut_FLT3-ITD	elastic	7	0.8195488721804511
Lipid	mut_FLT3-ITD	linSVM	7	0.8195488721804511
Lipid	mut_FLT3-ITD	shrLDA	7	0.7969924812030076
Lipid	mut_FLT3-ITD	PLS	7	0.8045112781954887
Lipid	mut_FLT3-ITD	RF	7	0.6879699248120301
Lipid	mut_FLT3-ITD	HistGB	7	0.736842105263158
Lipid	mut_FLT3-ITD	NaiveB	7	0.7218045112781954
Lipid	mut_FLT3-ITD	kNN	7	0.7330827067669173
Lipid	mut_FLT3-ITD	MLP	7	0.6917293233082706
Lipid	mut_FLT3-TKD	logL2	4	0.9090909090909091
Lipid	mut_FLT3-TKD	logL1	4	0.9431818181818181
Lipid	mut_FLT3-TKD	elastic	4	0.9545454545454546
Lipid	mut_FLT3-TKD	linSVM	4	0.6136363636363636
Lipid	mut_FLT3-TKD	shrLDA	4	0.5454545454545454
Lipid	mut_FLT3-TKD	PLS	4	0.5795454545454545
Lipid	mut_FLT3-TKD	RF	4	0.971590909090909
Lipid	mut_FLT3-TKD	HistGB	4	0.9090909090909091
Lipid	mut_FLT3-TKD	NaiveB	4	0.9090909090909092
Lipid	mut_FLT3-TKD	kNN	4	0.846590909090909
Lipid	mut_FLT3-TKD	MLP	4	0.6590909090909091
Lipid	mut_IDH1	logL2	3	0.608695652173913
Lipid	mut_IDH1	logL1	3	0.5652173913043478
Lipid	mut_IDH1	elastic	3	0.5942028985507246
Lipid	mut_IDH1	linSVM	3	0.6376811594202898
Lipid	mut_IDH1	shrLDA	3	0.681159420289855
Lipid	mut_IDH1	PLS	3	0.6231884057971014
Lipid	mut_IDH1	RF	3	0.572463768115942
Lipid	mut_IDH1	HistGB	3	0.6956521739130435
Lipid	mut_IDH1	NaiveB	3	0.5144927536231885
Lipid	mut_IDH1	kNN	3	0.7028985507246376
Lipid	mut_IDH1	MLP	3	0.6376811594202899
Lipid	mut_IDH2	logL2	6	0.725
Lipid	mut_IDH2	logL1	6	0.6416666666666666
Lipid	mut_IDH2	elastic	6	0.6749999999999999
Lipid	mut_IDH2	linSVM	6	0.8
Lipid	mut_IDH2	shrLDA	6	0.7749999999999999
Lipid	mut_IDH2	PLS	6	0.7833333333333334
Lipid	mut_IDH2	RF	6	0.5416666666666666
Lipid	mut_IDH2	HistGB	6	0.475
Lipid	mut_IDH2	NaiveB	6	0.3875
Lipid	mut_IDH2	kNN	6	0.5791666666666667
Lipid	mut_IDH2	MLP	6	0.37499999999999994
Lipid	mut_NPM1	logL2	12	0.9047619047619048
Lipid	mut_NPM1	logL1	12	0.8809523809523809
Lipid	mut_NPM1	elastic	12	0.875
Lipid	mut_NPM1	linSVM	12	0.9107142857142857
Lipid	mut_NPM1	shrLDA	12	0.9047619047619048
Lipid	mut_NPM1	PLS	12	0.8571428571428571
Lipid	mut_NPM1	RF	12	0.8154761904761905
Lipid	mut_NPM1	HistGB	12	0.8928571428571428
Lipid	mut_NPM1	NaiveB	12	0.5833333333333333
Lipid	mut_NPM1	kNN	12	0.7410714285714287
Lipid	mut_NPM1	MLP	12	0.8333333333333333
Lipid	mut_NRAS	logL2	5	0.5333333333333334
Lipid	mut_NRAS	logL1	5	0.6666666666666666
Lipid	mut_NRAS	elastic	5	0.5714285714285715
Lipid	mut_NRAS	linSVM	5	0.5523809523809524
Lipid	mut_NRAS	shrLDA	5	0.580952380952381
Lipid	mut_NRAS	PLS	5	0.4952380952380952
Lipid	mut_NRAS	RF	5	0.6333333333333334
Lipid	mut_NRAS	HistGB	5	0.39047619047619053
Lipid	mut_NRAS	NaiveB	5	0.5714285714285714
Lipid	mut_NRAS	kNN	5	0.6238095238095238
Lipid	mut_NRAS	MLP	5	0.6571428571428573
Lipid	mut_PHIP	logL2	3	0.8985507246376812
Lipid	mut_PHIP	logL1	3	0.7681159420289856
Lipid	mut_PHIP	elastic	3	0.8405797101449276
Lipid	mut_PHIP	linSVM	3	0.9710144927536232
Lipid	mut_PHIP	shrLDA	3	0.9565217391304348
Lipid	mut_PHIP	PLS	3	0.9565217391304348
Lipid	mut_PHIP	RF	3	0.9130434782608696
Lipid	mut_PHIP	HistGB	3	0.782608695652174
Lipid	mut_PHIP	NaiveB	3	0.8985507246376812
Lipid	mut_PHIP	kNN	3	0.7753623188405796
Lipid	mut_PHIP	MLP	3	0.8405797101449275
Lipid	mut_RUNX1	logL2	5	0.980952380952381
Lipid	mut_RUNX1	logL1	5	0.9238095238095239
Lipid	mut_RUNX1	elastic	5	0.9428571428571428
Lipid	mut_RUNX1	linSVM	5	0.9619047619047619
Lipid	mut_RUNX1	shrLDA	5	1.0
Lipid	mut_RUNX1	PLS	5	1.0
Lipid	mut_RUNX1	RF	5	0.9476190476190476
Lipid	mut_RUNX1	HistGB	5	0.8571428571428572
Lipid	mut_RUNX1	NaiveB	5	0.8095238095238095
Lipid	mut_RUNX1	kNN	5	0.9904761904761904
Lipid	mut_RUNX1	MLP	5	0.6571428571428571
Lipid	mut_SRSF2	logL2	5	0.7333333333333334
Lipid	mut_SRSF2	logL1	5	0.6
Lipid	mut_SRSF2	elastic	5	0.6571428571428571
Lipid	mut_SRSF2	linSVM	5	0.7523809523809524
Lipid	mut_SRSF2	shrLDA	5	0.7333333333333333
Lipid	mut_SRSF2	PLS	5	0.7428571428571429
Lipid	mut_SRSF2	RF	5	0.8047619047619048
Lipid	mut_SRSF2	HistGB	5	0.5619047619047619
Lipid	mut_SRSF2	NaiveB	5	0.6666666666666667
Lipid	mut_SRSF2	kNN	5	0.6047619047619047
Lipid	mut_SRSF2	MLP	5	0.580952380952381
Lipid	mut_TET2	logL2	9	0.7973856209150326
Lipid	mut_TET2	logL1	9	0.7450980392156863
Lipid	mut_TET2	elastic	9	0.7647058823529411
Lipid	mut_TET2	linSVM	9	0.8888888888888888
Lipid	mut_TET2	shrLDA	9	0.8169934640522876
Lipid	mut_TET2	PLS	9	0.8627450980392156
Lipid	mut_TET2	RF	9	0.6862745098039216
Lipid	mut_TET2	HistGB	9	0.7058823529411764
Lipid	mut_TET2	NaiveB	9	0.6339869281045751
Lipid	mut_TET2	kNN	9	0.7222222222222221
Lipid	mut_TET2	MLP	9	0.6470588235294117
Lipid	mut_TP53	logL2	4	0.7727272727272727
Lipid	mut_TP53	logL1	4	0.7840909090909091
Lipid	mut_TP53	elastic	4	0.7840909090909091
Lipid	mut_TP53	linSVM	4	0.7840909090909091
Lipid	mut_TP53	shrLDA	4	0.7954545454545454
Lipid	mut_TP53	PLS	4	0.7727272727272727
Lipid	mut_TP53	RF	4	0.8465909090909091
Lipid	mut_TP53	HistGB	4	0.7954545454545454
Lipid	mut_TP53	NaiveB	4	0.7727272727272727
Lipid	mut_TP53	kNN	4	0.8409090909090909
Lipid	mut_TP53	MLP	4	0.6477272727272726
Lipid	mut_inv(16)_CBFB-MYH11	logL2	4	0.9090909090909091
Lipid	mut_inv(16)_CBFB-MYH11	logL1	4	0.9772727272727273
Lipid	mut_inv(16)_CBFB-MYH11	elastic	4	0.9545454545454546
Lipid	mut_inv(16)_CBFB-MYH11	linSVM	4	0.9772727272727273
Lipid	mut_inv(16)_CBFB-MYH11	shrLDA	4	0.9545454545454545
Lipid	mut_inv(16)_CBFB-MYH11	PLS	4	0.9772727272727273
Lipid	mut_inv(16)_CBFB-MYH11	RF	4	0.8522727272727273
Lipid	mut_inv(16)_CBFB-MYH11	HistGB	4	0.9090909090909091
Lipid	mut_inv(16)_CBFB-MYH11	NaiveB	4	0.8409090909090908
Lipid	mut_inv(16)_CBFB-MYH11	kNN	4	0.8693181818181818
Lipid	mut_inv(16)_CBFB-MYH11	MLP	4	0.8409090909090908
