mutation	model	modality	cv_mean	cv_std	weight
cyto_complex	logL2	ADT	0.502	0.046	0.002
cyto_complex	logL2	Cell-comm	0.754	0.149	0.095
cyto_complex	logL2	Composition	0.509	0.108	0.004
cyto_complex	logL2	GRN	0.815	0.037	0.271
cyto_complex	logL2	LSC	0.504	0.137	0.002
cyto_complex	logL2	Lipid	0.799	0.029	0.281
cyto_complex	logL2	Metabolite	0.836	0.041	0.275
cyto_complex	logL2	RNA	0.674	0.136	0.07
cyto_complex	logL1	ADT	0.589	0.058	0.071
cyto_complex	logL1	Cell-comm	0.592	0.028	0.102
cyto_complex	logL1	Composition	0.547	0.006	0.072
cyto_complex	logL1	GRN	0.821	0.054	0.266
cyto_complex	logL1	LSC	0.382	0.054	0.0
cyto_complex	logL1	Lipid	0.768	0.081	0.176
cyto_complex	logL1	Metabolite	0.724	0.033	0.233
cyto_complex	logL1	RNA	0.649	0.11	0.081
cyto_complex	elastic	ADT	0.57	0.037	0.059
cyto_complex	elastic	Cell-comm	0.774	0.109	0.127
cyto_complex	elastic	Composition	0.537	0.023	0.038
cyto_complex	elastic	GRN	0.832	0.052	0.24
cyto_complex	elastic	LSC	0.451	0.069	0.0
cyto_complex	elastic	Lipid	0.799	0.033	0.264
cyto_complex	elastic	Metabolite	0.768	0.054	0.189
cyto_complex	elastic	RNA	0.677	0.109	0.082
cyto_complex	linSVM	ADT	0.48	0.071	0.0
cyto_complex	linSVM	Cell-comm	0.73	0.134	0.088
cyto_complex	linSVM	Composition	0.542	0.113	0.018
cyto_complex	linSVM	GRN	0.779	0.044	0.209
cyto_complex	linSVM	LSC	0.504	0.138	0.001
cyto_complex	linSVM	Lipid	0.833	0.04	0.259
cyto_complex	linSVM	Metabolite	0.875	0.026	0.348
cyto_complex	linSVM	RNA	0.699	0.132	0.077
cyto_complex	shrLDA	ADT	0.455	0.094	0.0
cyto_complex	shrLDA	Cell-comm	0.499	0.002	0.0
cyto_complex	shrLDA	Composition	0.415	0.061	0.0
cyto_complex	shrLDA	GRN	0.805	0.082	0.24
cyto_complex	shrLDA	LSC	0.496	0.135	0.0
cyto_complex	shrLDA	Lipid	0.818	0.107	0.211
cyto_complex	shrLDA	Metabolite	0.79	0.029	0.384
cyto_complex	shrLDA	RNA	0.675	0.061	0.165
cyto_complex	PLS	ADT	0.387	0.086	0.0
cyto_complex	PLS	Cell-comm	0.805	0.118	0.141
cyto_complex	PLS	Composition	0.458	0.043	0.0
cyto_complex	PLS	GRN	0.754	0.036	0.231
cyto_complex	PLS	LSC	0.523	0.119	0.011
cyto_complex	PLS	Lipid	0.776	0.061	0.195
cyto_complex	PLS	Metabolite	0.831	0.034	0.306
cyto_complex	PLS	RNA	0.713	0.093	0.116
cyto_complex	RF	ADT	0.63	0.079	0.062
cyto_complex	RF	Cell-comm	0.758	0.131	0.088
cyto_complex	RF	Composition	0.683	0.077	0.089
cyto_complex	RF	GRN	0.796	0.015	0.28
cyto_complex	RF	LSC	0.478	0.061	0.0
cyto_complex	RF	Lipid	0.698	0.104	0.079
cyto_complex	RF	Metabolite	0.794	0.029	0.23
cyto_complex	RF	RNA	0.767	0.046	0.171
cyto_complex	HistGB	ADT	0.452	0.146	0.0
cyto_complex	HistGB	Cell-comm	0.51	0.044	0.007
cyto_complex	HistGB	Composition	0.764	0.097	0.119
cyto_complex	HistGB	GRN	0.808	0.025	0.272
cyto_complex	HistGB	LSC	0.559	0.028	0.05
cyto_complex	HistGB	Lipid	0.659	0.048	0.107
cyto_complex	HistGB	Metabolite	0.848	0.028	0.295
cyto_complex	HistGB	RNA	0.713	0.045	0.149
cyto_complex	NaiveB	ADT	0.625	0.055	0.252
cyto_complex	NaiveB	Cell-comm	0.686	0.108	0.249
cyto_complex	NaiveB	Composition	0.434	0.065	0.0
cyto_complex	NaiveB	GRN	0.51	0.157	0.01
cyto_complex	NaiveB	LSC	0.615	0.168	0.112
cyto_complex	NaiveB	Lipid	0.573	0.053	0.151
cyto_complex	NaiveB	Metabolite	0.592	0.036	0.226
cyto_complex	NaiveB	RNA	0.415	0.169	0.0
cyto_complex	kNN	ADT	0.593	0.044	0.132
cyto_complex	kNN	Cell-comm	0.5	0.0	0.0
cyto_complex	kNN	Composition	0.602	0.098	0.091
cyto_complex	kNN	GRN	0.673	0.119	0.136
cyto_complex	kNN	LSC	0.563	0.05	0.083
cyto_complex	kNN	Lipid	0.697	0.104	0.169
cyto_complex	kNN	Metabolite	0.676	0.125	0.133
cyto_complex	kNN	RNA	0.675	0.041	0.255
cyto_complex	MLP	ADT	0.586	0.05	0.124
cyto_complex	MLP	Cell-comm	0.73	0.145	0.171
cyto_complex	MLP	Composition	0.407	0.037	0.0
cyto_complex	MLP	GRN	0.633	0.093	0.135
cyto_complex	MLP	LSC	0.515	0.074	0.017
cyto_complex	MLP	Lipid	0.676	0.023	0.35
cyto_complex	MLP	Metabolite	0.625	0.039	0.203
cyto_complex	MLP	RNA	0.392	0.097	0.0
cyto_inv16	logL2	ADT	0.977	0.027	0.1
cyto_inv16	logL2	Cell-comm	0.995	0.007	0.14
cyto_inv16	logL2	Composition	0.966	0.012	0.122
cyto_inv16	logL2	GRN	0.996	0.003	0.153
cyto_inv16	logL2	LSC	0.575	0.022	0.017
cyto_inv16	logL2	Lipid	0.998	0.002	0.156
cyto_inv16	logL2	Metabolite	0.996	0.003	0.151
cyto_inv16	logL2	RNA	1.0	0.0	0.162
cyto_inv16	logL1	ADT	0.983	0.018	0.137
cyto_inv16	logL1	Cell-comm	0.863	0.157	0.034
cyto_inv16	logL1	Composition	0.949	0.021	0.122
cyto_inv16	logL1	GRN	0.995	0.004	0.176
cyto_inv16	logL1	LSC	0.517	0.044	0.004
cyto_inv16	logL1	Lipid	0.996	0.004	0.178
cyto_inv16	logL1	Metabolite	0.997	0.004	0.177
cyto_inv16	logL1	RNA	0.993	0.005	0.173
cyto_inv16	elastic	ADT	0.985	0.015	0.127
cyto_inv16	elastic	Cell-comm	0.987	0.018	0.122
cyto_inv16	elastic	Composition	0.956	0.017	0.116
cyto_inv16	elastic	GRN	0.996	0.003	0.159
cyto_inv16	elastic	LSC	0.516	0.063	0.002
cyto_inv16	elastic	Lipid	0.998	0.002	0.163
cyto_inv16	elastic	Metabolite	0.996	0.004	0.157
cyto_inv16	elastic	RNA	0.994	0.004	0.154
cyto_inv16	linSVM	ADT	0.985	0.014	0.141
cyto_inv16	linSVM	Cell-comm	0.948	0.02	0.118
cyto_inv16	linSVM	Composition	0.958	0.031	0.104
cyto_inv16	linSVM	GRN	0.97	0.018	0.127
cyto_inv16	linSVM	LSC	0.581	0.021	0.021
cyto_inv16	linSVM	Lipid	0.996	0.003	0.174
cyto_inv16	linSVM	Metabolite	0.991	0.01	0.151
cyto_inv16	linSVM	RNA	0.996	0.006	0.163
cyto_inv16	shrLDA	ADT	0.99	0.006	0.166
cyto_inv16	shrLDA	Cell-comm	0.667	0.118	0.019
cyto_inv16	shrLDA	Composition	0.981	0.011	0.149
cyto_inv16	shrLDA	GRN	0.973	0.035	0.104
cyto_inv16	shrLDA	LSC	0.579	0.011	0.025
cyto_inv16	shrLDA	Lipid	0.997	0.002	0.178
cyto_inv16	shrLDA	Metabolite	0.996	0.003	0.178
cyto_inv16	shrLDA	RNA	0.999	0.002	0.181
cyto_inv16	PLS	ADT	0.986	0.005	0.145
cyto_inv16	PLS	Cell-comm	0.992	0.008	0.139
cyto_inv16	PLS	Composition	0.956	0.035	0.088
cyto_inv16	PLS	GRN	0.996	0.003	0.155
cyto_inv16	PLS	LSC	0.463	0.08	0.0
cyto_inv16	PLS	Lipid	0.997	0.002	0.156
cyto_inv16	PLS	Metabolite	0.996	0.003	0.155
cyto_inv16	PLS	RNA	1.0	0.0	0.164
cyto_inv16	RF	ADT	0.983	0.024	0.107
cyto_inv16	RF	Cell-comm	0.992	0.006	0.145
cyto_inv16	RF	Composition	0.988	0.014	0.125
cyto_inv16	RF	GRN	0.994	0.005	0.147
cyto_inv16	RF	LSC	0.775	0.167	0.021
cyto_inv16	RF	Lipid	0.997	0.002	0.157
cyto_inv16	RF	Metabolite	0.997	0.004	0.151
cyto_inv16	RF	RNA	0.995	0.005	0.147
cyto_inv16	HistGB	ADT	0.992	0.009	0.128
cyto_inv16	HistGB	Cell-comm	0.997	0.004	0.142
cyto_inv16	HistGB	Composition	0.99	0.012	0.122
cyto_inv16	HistGB	GRN	0.998	0.002	0.147
cyto_inv16	HistGB	LSC	0.799	0.052	0.045
cyto_inv16	HistGB	Lipid	0.996	0.003	0.142
cyto_inv16	HistGB	Metabolite	0.988	0.007	0.132
cyto_inv16	HistGB	RNA	0.997	0.004	0.141
cyto_inv16	NaiveB	ADT	0.967	0.032	0.251
cyto_inv16	NaiveB	Cell-comm	0.865	0.032	0.195
cyto_inv16	NaiveB	Composition	0.736	0.197	0.042
cyto_inv16	NaiveB	GRN	0.88	0.167	0.077
cyto_inv16	NaiveB	LSC	0.778	0.034	0.146
cyto_inv16	NaiveB	Lipid	0.903	0.134	0.097
cyto_inv16	NaiveB	Metabolite	0.896	0.129	0.097
cyto_inv16	NaiveB	RNA	0.898	0.134	0.095
cyto_inv16	kNN	ADT	0.965	0.042	0.116
cyto_inv16	kNN	Cell-comm	0.5	0.0	0.0
cyto_inv16	kNN	Composition	0.921	0.091	0.069
cyto_inv16	kNN	GRN	0.972	0.037	0.126
cyto_inv16	kNN	LSC	0.74	0.04	0.061
cyto_inv16	kNN	Lipid	1.0	0.0	0.231
cyto_inv16	kNN	Metabolite	0.994	0.008	0.197
cyto_inv16	kNN	RNA	0.985	0.006	0.199
cyto_inv16	MLP	ADT	0.443	0.096	0.0
cyto_inv16	MLP	Cell-comm	0.933	0.048	0.294
cyto_inv16	MLP	Composition	0.518	0.076	0.01
cyto_inv16	MLP	GRN	0.852	0.172	0.106
cyto_inv16	MLP	LSC	0.47	0.009	0.0
cyto_inv16	MLP	Lipid	0.941	0.031	0.362
cyto_inv16	MLP	Metabolite	0.888	0.158	0.125
cyto_inv16	MLP	RNA	0.862	0.183	0.104
cyto_trisomy8	logL2	ADT	0.62	0.143	0.117
cyto_trisomy8	logL2	Cell-comm	0.539	0.117	0.044
cyto_trisomy8	logL2	Composition	0.602	0.089	0.138
cyto_trisomy8	logL2	GRN	0.594	0.104	0.114
cyto_trisomy8	logL2	LSC	0.68	0.066	0.292
cyto_trisomy8	logL2	Lipid	0.648	0.146	0.142
cyto_trisomy8	logL2	Metabolite	0.568	0.186	0.054
cyto_trisomy8	logL2	RNA	0.579	0.101	0.099
cyto_trisomy8	logL1	ADT	0.6	0.169	0.13
cyto_trisomy8	logL1	Cell-comm	0.491	0.003	0.0
cyto_trisomy8	logL1	Composition	0.527	0.123	0.044
cyto_trisomy8	logL1	GRN	0.61	0.046	0.326
cyto_trisomy8	logL1	LSC	0.631	0.082	0.283
cyto_trisomy8	logL1	Lipid	0.625	0.141	0.187
cyto_trisomy8	logL1	Metabolite	0.387	0.099	0.0
cyto_trisomy8	logL1	RNA	0.518	0.121	0.03
cyto_trisomy8	elastic	ADT	0.658	0.156	0.196
cyto_trisomy8	elastic	Cell-comm	0.535	0.202	0.035
cyto_trisomy8	elastic	Composition	0.54	0.075	0.083
cyto_trisomy8	elastic	GRN	0.636	0.054	0.336
cyto_trisomy8	elastic	LSC	0.532	0.087	0.06
cyto_trisomy8	elastic	Lipid	0.598	0.132	0.138
cyto_trisomy8	elastic	Metabolite	0.527	0.079	0.054
cyto_trisomy8	elastic	RNA	0.572	0.138	0.098
cyto_trisomy8	linSVM	ADT	0.621	0.114	0.09
cyto_trisomy8	linSVM	Cell-comm	0.639	0.099	0.114
cyto_trisomy8	linSVM	Composition	0.559	0.045	0.076
cyto_trisomy8	linSVM	GRN	0.674	0.072	0.174
cyto_trisomy8	linSVM	LSC	0.68	0.071	0.182
cyto_trisomy8	linSVM	Lipid	0.747	0.087	0.22
cyto_trisomy8	linSVM	Metabolite	0.668	0.147	0.104
cyto_trisomy8	linSVM	RNA	0.589	0.225	0.039
cyto_trisomy8	shrLDA	ADT	0.668	0.135	0.163
cyto_trisomy8	shrLDA	Cell-comm	0.5	0.0	0.0
cyto_trisomy8	shrLDA	Composition	0.577	0.058	0.129
cyto_trisomy8	shrLDA	GRN	0.515	0.161	0.013
cyto_trisomy8	shrLDA	LSC	0.672	0.136	0.166
cyto_trisomy8	shrLDA	Lipid	0.788	0.083	0.388
cyto_trisomy8	shrLDA	Metabolite	0.567	0.035	0.142
cyto_trisomy8	shrLDA	RNA	0.399	0.149	0.0
cyto_trisomy8	PLS	ADT	0.62	0.181	0.053
cyto_trisomy8	PLS	Cell-comm	0.675	0.071	0.146
cyto_trisomy8	PLS	Composition	0.523	0.021	0.032
cyto_trisomy8	PLS	GRN	0.728	0.083	0.174
cyto_trisomy8	PLS	LSC	0.599	0.054	0.096
cyto_trisomy8	PLS	Lipid	0.797	0.076	0.238
cyto_trisomy8	PLS	Metabolite	0.774	0.062	0.248
cyto_trisomy8	PLS	RNA	0.519	0.113	0.012
cyto_trisomy8	RF	ADT	0.635	0.123	0.161
cyto_trisomy8	RF	Cell-comm	0.554	0.027	0.146
cyto_trisomy8	RF	Composition	0.523	0.121	0.028
cyto_trisomy8	RF	GRN	0.583	0.115	0.103
cyto_trisomy8	RF	LSC	0.58	0.138	0.088
cyto_trisomy8	RF	Lipid	0.597	0.107	0.127
cyto_trisomy8	RF	Metabolite	0.586	0.102	0.116
cyto_trisomy8	RF	RNA	0.652	0.086	0.231
cyto_trisomy8	HistGB	ADT	0.612	0.04	0.225
cyto_trisomy8	HistGB	Cell-comm	0.478	0.046	0.0
cyto_trisomy8	HistGB	Composition	0.543	0.158	0.037
cyto_trisomy8	HistGB	GRN	0.51	0.109	0.012
cyto_trisomy8	HistGB	LSC	0.629	0.103	0.153
cyto_trisomy8	HistGB	Lipid	0.642	0.136	0.139
cyto_trisomy8	HistGB	Metabolite	0.697	0.14	0.189
cyto_trisomy8	HistGB	RNA	0.694	0.094	0.245
cyto_trisomy8	NaiveB	ADT	0.568	0.165	0.07
cyto_trisomy8	NaiveB	Cell-comm	0.534	0.073	0.06
cyto_trisomy8	NaiveB	Composition	0.584	0.118	0.11
cyto_trisomy8	NaiveB	GRN	0.446	0.069	0.0
cyto_trisomy8	NaiveB	LSC	0.671	0.069	0.321
cyto_trisomy8	NaiveB	Lipid	0.55	0.096	0.076
cyto_trisomy8	NaiveB	Metabolite	0.528	0.044	0.066
cyto_trisomy8	NaiveB	RNA	0.602	0.026	0.297
cyto_trisomy8	kNN	ADT	0.43	0.071	0.0
cyto_trisomy8	kNN	Cell-comm	0.5	0.0	0.0
cyto_trisomy8	kNN	Composition	0.563	0.234	0.169
cyto_trisomy8	kNN	GRN	0.464	0.055	0.0
cyto_trisomy8	kNN	LSC	0.607	0.09	0.576
cyto_trisomy8	kNN	Lipid	0.499	0.072	0.0
cyto_trisomy8	kNN	Metabolite	0.404	0.154	0.0
cyto_trisomy8	kNN	RNA	0.538	0.063	0.255
cyto_trisomy8	MLP	ADT	0.59	0.139	0.213
cyto_trisomy8	MLP	Cell-comm	0.632	0.094	0.409
cyto_trisomy8	MLP	Composition	0.432	0.054	0.0
cyto_trisomy8	MLP	GRN	0.503	0.21	0.005
cyto_trisomy8	MLP	LSC	0.554	0.137	0.129
cyto_trisomy8	MLP	Lipid	0.511	0.104	0.031
cyto_trisomy8	MLP	Metabolite	0.578	0.113	0.213
cyto_trisomy8	MLP	RNA	0.49	0.118	0.0
mut_DNMT3A	logL2	ADT	0.612	0.046	0.115
mut_DNMT3A	logL2	Cell-comm	0.721	0.055	0.206
mut_DNMT3A	logL2	Composition	0.58	0.054	0.076
mut_DNMT3A	logL2	GRN	0.718	0.057	0.2
mut_DNMT3A	logL2	LSC	0.554	0.079	0.041
mut_DNMT3A	logL2	Lipid	0.676	0.084	0.13
mut_DNMT3A	logL2	Metabolite	0.654	0.091	0.108
mut_DNMT3A	logL2	RNA	0.662	0.078	0.124
mut_DNMT3A	logL1	ADT	0.565	0.099	0.066
mut_DNMT3A	logL1	Cell-comm	0.476	0.024	0.0
mut_DNMT3A	logL1	Composition	0.523	0.104	0.022
mut_DNMT3A	logL1	GRN	0.767	0.101	0.269
mut_DNMT3A	logL1	LSC	0.552	0.072	0.065
mut_DNMT3A	logL1	Lipid	0.676	0.069	0.226
mut_DNMT3A	logL1	Metabolite	0.582	0.079	0.096
mut_DNMT3A	logL1	RNA	0.678	0.056	0.255
mut_DNMT3A	elastic	ADT	0.595	0.073	0.095
mut_DNMT3A	elastic	Cell-comm	0.641	0.044	0.185
mut_DNMT3A	elastic	Composition	0.557	0.08	0.054
mut_DNMT3A	elastic	GRN	0.739	0.101	0.195
mut_DNMT3A	elastic	LSC	0.553	0.079	0.051
mut_DNMT3A	elastic	Lipid	0.695	0.117	0.144
mut_DNMT3A	elastic	Metabolite	0.616	0.075	0.115
mut_DNMT3A	elastic	RNA	0.659	0.072	0.161
mut_DNMT3A	linSVM	ADT	0.591	0.057	0.093
mut_DNMT3A	linSVM	Cell-comm	0.527	0.094	0.021
mut_DNMT3A	linSVM	Composition	0.557	0.024	0.085
mut_DNMT3A	linSVM	GRN	0.654	0.055	0.163
mut_DNMT3A	linSVM	LSC	0.547	0.079	0.04
mut_DNMT3A	linSVM	Lipid	0.737	0.048	0.267
mut_DNMT3A	linSVM	Metabolite	0.653	0.126	0.096
mut_DNMT3A	linSVM	RNA	0.69	0.039	0.235
mut_DNMT3A	shrLDA	ADT	0.586	0.081	0.079
mut_DNMT3A	shrLDA	Cell-comm	0.5	0.0	0.0
mut_DNMT3A	shrLDA	Composition	0.554	0.069	0.054
mut_DNMT3A	shrLDA	GRN	0.657	0.131	0.104
mut_DNMT3A	shrLDA	LSC	0.565	0.083	0.058
mut_DNMT3A	shrLDA	Lipid	0.767	0.052	0.313
mut_DNMT3A	shrLDA	Metabolite	0.719	0.132	0.145
mut_DNMT3A	shrLDA	RNA	0.732	0.063	0.247
mut_DNMT3A	PLS	ADT	0.605	0.057	0.119
mut_DNMT3A	PLS	Cell-comm	0.653	0.051	0.183
mut_DNMT3A	PLS	Composition	0.497	0.092	0.0
mut_DNMT3A	PLS	GRN	0.69	0.098	0.156
mut_DNMT3A	PLS	LSC	0.41	0.121	0.0
mut_DNMT3A	PLS	Lipid	0.637	0.073	0.134
mut_DNMT3A	PLS	Metabolite	0.633	0.178	0.071
mut_DNMT3A	PLS	RNA	0.732	0.033	0.338
mut_DNMT3A	RF	ADT	0.62	0.034	0.101
mut_DNMT3A	RF	Cell-comm	0.736	0.027	0.216
mut_DNMT3A	RF	Composition	0.682	0.043	0.137
mut_DNMT3A	RF	GRN	0.711	0.075	0.119
mut_DNMT3A	RF	LSC	0.547	0.024	0.044
mut_DNMT3A	RF	Lipid	0.672	0.061	0.109
mut_DNMT3A	RF	Metabolite	0.663	0.053	0.111
mut_DNMT3A	RF	RNA	0.706	0.039	0.163
mut_DNMT3A	HistGB	ADT	0.586	0.049	0.083
mut_DNMT3A	HistGB	Cell-comm	0.646	0.091	0.099
mut_DNMT3A	HistGB	Composition	0.725	0.09	0.153
mut_DNMT3A	HistGB	GRN	0.695	0.084	0.138
mut_DNMT3A	HistGB	LSC	0.446	0.07	0.0
mut_DNMT3A	HistGB	Lipid	0.749	0.067	0.202
mut_DNMT3A	HistGB	Metabolite	0.677	0.09	0.12
mut_DNMT3A	HistGB	RNA	0.707	0.046	0.205
mut_DNMT3A	NaiveB	ADT	0.649	0.06	0.153
mut_DNMT3A	NaiveB	Cell-comm	0.592	0.03	0.129
mut_DNMT3A	NaiveB	Composition	0.524	0.092	0.019
mut_DNMT3A	NaiveB	GRN	0.697	0.08	0.17
mut_DNMT3A	NaiveB	LSC	0.568	0.073	0.062
mut_DNMT3A	NaiveB	Lipid	0.619	0.032	0.162
mut_DNMT3A	NaiveB	Metabolite	0.593	0.033	0.125
mut_DNMT3A	NaiveB	RNA	0.671	0.056	0.181
mut_DNMT3A	kNN	ADT	0.477	0.094	0.0
mut_DNMT3A	kNN	Cell-comm	0.5	0.0	0.0
mut_DNMT3A	kNN	Composition	0.482	0.067	0.0
mut_DNMT3A	kNN	GRN	0.651	0.101	0.273
mut_DNMT3A	kNN	LSC	0.564	0.058	0.163
mut_DNMT3A	kNN	Lipid	0.604	0.056	0.269
mut_DNMT3A	kNN	Metabolite	0.586	0.081	0.18
mut_DNMT3A	kNN	RNA	0.546	0.059	0.115
mut_DNMT3A	MLP	ADT	0.553	0.074	0.112
mut_DNMT3A	MLP	Cell-comm	0.64	0.03	0.459
mut_DNMT3A	MLP	Composition	0.578	0.137	0.11
mut_DNMT3A	MLP	GRN	0.557	0.141	0.078
mut_DNMT3A	MLP	LSC	0.457	0.088	0.0
mut_DNMT3A	MLP	Lipid	0.568	0.078	0.139
mut_DNMT3A	MLP	Metabolite	0.557	0.117	0.09
mut_DNMT3A	MLP	RNA	0.509	0.133	0.013
mut_FLT3	logL2	ADT	0.837	0.03	0.156
mut_FLT3	logL2	Cell-comm	0.677	0.135	0.036
mut_FLT3	logL2	Composition	0.722	0.056	0.078
mut_FLT3	logL2	GRN	0.832	0.046	0.128
mut_FLT3	logL2	LSC	0.647	0.056	0.051
mut_FLT3	logL2	Lipid	0.815	0.017	0.176
mut_FLT3	logL2	Metabolite	0.816	0.016	0.176
mut_FLT3	logL2	RNA	0.841	0.014	0.199
mut_FLT3	logL1	ADT	0.785	0.033	0.139
mut_FLT3	logL1	Cell-comm	0.519	0.005	0.014
mut_FLT3	logL1	Composition	0.683	0.047	0.076
mut_FLT3	logL1	GRN	0.843	0.033	0.167
mut_FLT3	logL1	LSC	0.646	0.057	0.055
mut_FLT3	logL1	Lipid	0.77	0.031	0.134
mut_FLT3	logL1	Metabolite	0.814	0.008	0.216
mut_FLT3	logL1	RNA	0.789	0.009	0.197
mut_FLT3	elastic	ADT	0.825	0.022	0.171
mut_FLT3	elastic	Cell-comm	0.674	0.094	0.046
mut_FLT3	elastic	Composition	0.693	0.054	0.071
mut_FLT3	elastic	GRN	0.871	0.035	0.166
mut_FLT3	elastic	LSC	0.62	0.05	0.046
mut_FLT3	elastic	Lipid	0.802	0.034	0.137
mut_FLT3	elastic	Metabolite	0.803	0.019	0.168
mut_FLT3	elastic	RNA	0.801	0.009	0.195
mut_FLT3	linSVM	ADT	0.858	0.045	0.169
mut_FLT3	linSVM	Cell-comm	0.588	0.162	0.019
mut_FLT3	linSVM	Composition	0.705	0.095	0.063
mut_FLT3	linSVM	GRN	0.754	0.049	0.115
mut_FLT3	linSVM	LSC	0.643	0.063	0.057
mut_FLT3	linSVM	Lipid	0.789	0.021	0.183
mut_FLT3	linSVM	Metabolite	0.775	0.016	0.186
mut_FLT3	linSVM	RNA	0.814	0.018	0.208
mut_FLT3	shrLDA	ADT	0.868	0.054	0.176
mut_FLT3	shrLDA	Cell-comm	0.511	0.016	0.008
mut_FLT3	shrLDA	Composition	0.697	0.051	0.097
mut_FLT3	shrLDA	GRN	0.792	0.046	0.151
mut_FLT3	shrLDA	LSC	0.64	0.072	0.057
mut_FLT3	shrLDA	Lipid	0.783	0.056	0.133
mut_FLT3	shrLDA	Metabolite	0.737	0.009	0.201
mut_FLT3	shrLDA	RNA	0.756	0.023	0.176
mut_FLT3	PLS	ADT	0.844	0.033	0.219
mut_FLT3	PLS	Cell-comm	0.658	0.078	0.065
mut_FLT3	PLS	Composition	0.613	0.052	0.059
mut_FLT3	PLS	GRN	0.826	0.055	0.164
mut_FLT3	PLS	LSC	0.506	0.135	0.002
mut_FLT3	PLS	Lipid	0.764	0.091	0.099
mut_FLT3	PLS	Metabolite	0.8	0.046	0.164
mut_FLT3	PLS	RNA	0.756	0.009	0.229
mut_FLT3	RF	ADT	0.758	0.086	0.086
mut_FLT3	RF	Cell-comm	0.7	0.063	0.081
mut_FLT3	RF	Composition	0.76	0.023	0.161
mut_FLT3	RF	GRN	0.821	0.057	0.136
mut_FLT3	RF	LSC	0.668	0.035	0.09
mut_FLT3	RF	Lipid	0.792	0.037	0.154
mut_FLT3	RF	Metabolite	0.783	0.042	0.14
mut_FLT3	RF	RNA	0.813	0.043	0.152
mut_FLT3	HistGB	ADT	0.806	0.025	0.163
mut_FLT3	HistGB	Cell-comm	0.656	0.067	0.053
mut_FLT3	HistGB	Composition	0.747	0.065	0.085
mut_FLT3	HistGB	GRN	0.801	0.029	0.151
mut_FLT3	HistGB	LSC	0.64	0.014	0.086
mut_FLT3	HistGB	Lipid	0.732	0.041	0.101
mut_FLT3	HistGB	Metabolite	0.757	0.016	0.156
mut_FLT3	HistGB	RNA	0.835	0.015	0.204
mut_FLT3	NaiveB	ADT	0.779	0.09	0.143
mut_FLT3	NaiveB	Cell-comm	0.556	0.031	0.05
mut_FLT3	NaiveB	Composition	0.596	0.047	0.071
mut_FLT3	NaiveB	GRN	0.7	0.023	0.198
mut_FLT3	NaiveB	LSC	0.633	0.077	0.076
mut_FLT3	NaiveB	Lipid	0.734	0.026	0.222
mut_FLT3	NaiveB	Metabolite	0.728	0.033	0.199
mut_FLT3	NaiveB	RNA	0.596	0.121	0.041
mut_FLT3	kNN	ADT	0.728	0.056	0.131
mut_FLT3	kNN	Cell-comm	0.498	0.002	0.0
mut_FLT3	kNN	Composition	0.743	0.05	0.147
mut_FLT3	kNN	GRN	0.729	0.015	0.216
mut_FLT3	kNN	LSC	0.562	0.024	0.051
mut_FLT3	kNN	Lipid	0.741	0.045	0.154
mut_FLT3	kNN	Metabolite	0.722	0.062	0.12
mut_FLT3	kNN	RNA	0.758	0.037	0.181
mut_FLT3	MLP	ADT	0.644	0.047	0.31
mut_FLT3	MLP	Cell-comm	0.614	0.14	0.125
mut_FLT3	MLP	Composition	0.496	0.055	0.0
mut_FLT3	MLP	GRN	0.616	0.037	0.276
mut_FLT3	MLP	LSC	0.443	0.031	0.0
mut_FLT3	MLP	Lipid	0.559	0.1	0.081
mut_FLT3	MLP	Metabolite	0.618	0.069	0.208
mut_FLT3	MLP	RNA	0.484	0.05	0.0
mut_FLT3-ITD	logL2	ADT	0.821	0.063	0.178
mut_FLT3-ITD	logL2	Cell-comm	0.637	0.14	0.045
mut_FLT3-ITD	logL2	Composition	0.732	0.159	0.069
mut_FLT3-ITD	logL2	GRN	0.816	0.105	0.127
mut_FLT3-ITD	logL2	LSC	0.689	0.061	0.107
mut_FLT3-ITD	logL2	Lipid	0.821	0.09	0.143
mut_FLT3-ITD	logL2	Metabolite	0.805	0.081	0.145
mut_FLT3-ITD	logL2	RNA	0.835	0.062	0.186
mut_FLT3-ITD	logL1	ADT	0.768	0.055	0.146
mut_FLT3-ITD	logL1	Cell-comm	0.51	0.02	0.008
mut_FLT3-ITD	logL1	Composition	0.663	0.021	0.131
mut_FLT3-ITD	logL1	GRN	0.817	0.079	0.141
mut_FLT3-ITD	logL1	LSC	0.683	0.058	0.098
mut_FLT3-ITD	logL1	Lipid	0.833	0.065	0.167
mut_FLT3-ITD	logL1	Metabolite	0.781	0.059	0.149
mut_FLT3-ITD	logL1	RNA	0.757	0.042	0.161
mut_FLT3-ITD	elastic	ADT	0.804	0.054	0.164
mut_FLT3-ITD	elastic	Cell-comm	0.645	0.042	0.088
mut_FLT3-ITD	elastic	Composition	0.685	0.118	0.062
mut_FLT3-ITD	elastic	GRN	0.827	0.086	0.134
mut_FLT3-ITD	elastic	LSC	0.689	0.056	0.099
mut_FLT3-ITD	elastic	Lipid	0.822	0.069	0.151
mut_FLT3-ITD	elastic	Metabolite	0.786	0.069	0.134
mut_FLT3-ITD	elastic	RNA	0.812	0.054	0.168
mut_FLT3-ITD	linSVM	ADT	0.839	0.066	0.166
mut_FLT3-ITD	linSVM	Cell-comm	0.659	0.169	0.041
mut_FLT3-ITD	linSVM	Composition	0.744	0.185	0.059
mut_FLT3-ITD	linSVM	GRN	0.734	0.122	0.078
mut_FLT3-ITD	linSVM	LSC	0.69	0.057	0.102
mut_FLT3-ITD	linSVM	Lipid	0.828	0.049	0.188
mut_FLT3-ITD	linSVM	Metabolite	0.803	0.071	0.142
mut_FLT3-ITD	linSVM	RNA	0.868	0.044	0.223
mut_FLT3-ITD	shrLDA	ADT	0.849	0.054	0.2
mut_FLT3-ITD	shrLDA	Cell-comm	0.499	0.002	0.0
mut_FLT3-ITD	shrLDA	Composition	0.716	0.149	0.065
mut_FLT3-ITD	shrLDA	GRN	0.793	0.086	0.129
mut_FLT3-ITD	shrLDA	LSC	0.696	0.074	0.094
mut_FLT3-ITD	shrLDA	Lipid	0.852	0.058	0.195
mut_FLT3-ITD	shrLDA	Metabolite	0.805	0.054	0.175
mut_FLT3-ITD	shrLDA	RNA	0.83	0.087	0.143
mut_FLT3-ITD	PLS	ADT	0.829	0.048	0.207
mut_FLT3-ITD	PLS	Cell-comm	0.591	0.153	0.028
mut_FLT3-ITD	PLS	Composition	0.673	0.114	0.065
mut_FLT3-ITD	PLS	GRN	0.822	0.079	0.154
mut_FLT3-ITD	PLS	LSC	0.617	0.039	0.082
mut_FLT3-ITD	PLS	Lipid	0.855	0.077	0.172
mut_FLT3-ITD	PLS	Metabolite	0.821	0.098	0.134
mut_FLT3-ITD	PLS	RNA	0.828	0.077	0.159
mut_FLT3-ITD	RF	ADT	0.808	0.02	0.234
mut_FLT3-ITD	RF	Cell-comm	0.655	0.009	0.14
mut_FLT3-ITD	RF	Composition	0.773	0.099	0.098
mut_FLT3-ITD	RF	GRN	0.801	0.086	0.118
mut_FLT3-ITD	RF	LSC	0.673	0.063	0.081
mut_FLT3-ITD	RF	Lipid	0.822	0.066	0.147
mut_FLT3-ITD	RF	Metabolite	0.782	0.062	0.134
mut_FLT3-ITD	RF	RNA	0.703	0.182	0.047
mut_FLT3-ITD	HistGB	ADT	0.779	0.022	0.239
mut_FLT3-ITD	HistGB	Cell-comm	0.606	0.127	0.037
mut_FLT3-ITD	HistGB	Composition	0.689	0.037	0.133
mut_FLT3-ITD	HistGB	GRN	0.727	0.124	0.081
mut_FLT3-ITD	HistGB	LSC	0.686	0.072	0.094
mut_FLT3-ITD	HistGB	Lipid	0.764	0.047	0.169
mut_FLT3-ITD	HistGB	Metabolite	0.739	0.044	0.157
mut_FLT3-ITD	HistGB	RNA	0.724	0.104	0.09
mut_FLT3-ITD	NaiveB	ADT	0.782	0.007	0.259
mut_FLT3-ITD	NaiveB	Cell-comm	0.614	0.056	0.057
mut_FLT3-ITD	NaiveB	Composition	0.691	0.031	0.124
mut_FLT3-ITD	NaiveB	GRN	0.71	0.01	0.184
mut_FLT3-ITD	NaiveB	LSC	0.673	0.054	0.087
mut_FLT3-ITD	NaiveB	Lipid	0.737	0.064	0.109
mut_FLT3-ITD	NaiveB	Metabolite	0.749	0.023	0.18
mut_FLT3-ITD	NaiveB	RNA	0.487	0.098	0.0
mut_FLT3-ITD	kNN	ADT	0.752	0.058	0.177
mut_FLT3-ITD	kNN	Cell-comm	0.5	0.0	0.0
mut_FLT3-ITD	kNN	Composition	0.734	0.094	0.123
mut_FLT3-ITD	kNN	GRN	0.824	0.069	0.207
mut_FLT3-ITD	kNN	LSC	0.64	0.082	0.081
mut_FLT3-ITD	kNN	Lipid	0.758	0.114	0.12
mut_FLT3-ITD	kNN	Metabolite	0.731	0.036	0.205
mut_FLT3-ITD	kNN	RNA	0.662	0.09	0.088
mut_FLT3-ITD	MLP	ADT	0.667	0.017	0.321
mut_FLT3-ITD	MLP	Cell-comm	0.684	0.098	0.159
mut_FLT3-ITD	MLP	Composition	0.504	0.073	0.004
mut_FLT3-ITD	MLP	GRN	0.737	0.141	0.16
mut_FLT3-ITD	MLP	LSC	0.392	0.058	0.0
mut_FLT3-ITD	MLP	Lipid	0.549	0.104	0.041
mut_FLT3-ITD	MLP	Metabolite	0.736	0.047	0.314
mut_FLT3-ITD	MLP	RNA	0.439	0.1	0.0
mut_FLT3-TKD	logL2	ADT	0.871	0.031	0.249
mut_FLT3-TKD	logL2	Cell-comm	0.621	0.122	0.038
mut_FLT3-TKD	logL2	Composition	0.723	0.078	0.095
mut_FLT3-TKD	logL2	GRN	0.763	0.086	0.105
mut_FLT3-TKD	logL2	LSC	0.559	0.134	0.017
mut_FLT3-TKD	logL2	Lipid	0.797	0.053	0.157
mut_FLT3-TKD	logL2	Metabolite	0.775	0.083	0.112
mut_FLT3-TKD	logL2	RNA	0.871	0.04	0.226
mut_FLT3-TKD	logL1	ADT	0.871	0.064	0.213
mut_FLT3-TKD	logL1	Cell-comm	0.497	0.004	0.0
mut_FLT3-TKD	logL1	Composition	0.748	0.147	0.082
mut_FLT3-TKD	logL1	GRN	0.837	0.087	0.161
mut_FLT3-TKD	logL1	LSC	0.546	0.124	0.017
mut_FLT3-TKD	logL1	Lipid	0.802	0.079	0.153
mut_FLT3-TKD	logL1	Metabolite	0.756	0.095	0.115
mut_FLT3-TKD	logL1	RNA	0.9	0.051	0.259
mut_FLT3-TKD	elastic	ADT	0.88	0.044	0.235
mut_FLT3-TKD	elastic	Cell-comm	0.586	0.091	0.035
mut_FLT3-TKD	elastic	Composition	0.693	0.14	0.059
mut_FLT3-TKD	elastic	GRN	0.833	0.085	0.144
mut_FLT3-TKD	elastic	LSC	0.63	0.158	0.036
mut_FLT3-TKD	elastic	Lipid	0.802	0.069	0.148
mut_FLT3-TKD	elastic	Metabolite	0.757	0.089	0.108
mut_FLT3-TKD	elastic	RNA	0.896	0.048	0.235
mut_FLT3-TKD	linSVM	ADT	0.864	0.048	0.283
mut_FLT3-TKD	linSVM	Cell-comm	0.538	0.236	0.01
mut_FLT3-TKD	linSVM	Composition	0.671	0.103	0.085
mut_FLT3-TKD	linSVM	GRN	0.732	0.015	0.275
mut_FLT3-TKD	linSVM	LSC	0.546	0.128	0.02
mut_FLT3-TKD	linSVM	Lipid	0.757	0.089	0.141
mut_FLT3-TKD	linSVM	Metabolite	0.712	0.089	0.117
mut_FLT3-TKD	linSVM	RNA	0.652	0.116	0.07
mut_FLT3-TKD	shrLDA	ADT	0.83	0.098	0.238
mut_FLT3-TKD	shrLDA	Cell-comm	0.499	0.002	0.0
mut_FLT3-TKD	shrLDA	Composition	0.578	0.032	0.102
mut_FLT3-TKD	shrLDA	GRN	0.619	0.089	0.091
mut_FLT3-TKD	shrLDA	LSC	0.61	0.143	0.06
mut_FLT3-TKD	shrLDA	Lipid	0.815	0.107	0.213
mut_FLT3-TKD	shrLDA	Metabolite	0.784	0.083	0.227
mut_FLT3-TKD	shrLDA	RNA	0.607	0.116	0.068
mut_FLT3-TKD	PLS	ADT	0.833	0.076	0.271
mut_FLT3-TKD	PLS	Cell-comm	0.662	0.135	0.09
mut_FLT3-TKD	PLS	Composition	0.471	0.047	0.0
mut_FLT3-TKD	PLS	GRN	0.796	0.094	0.211
mut_FLT3-TKD	PLS	LSC	0.525	0.093	0.018
mut_FLT3-TKD	PLS	Lipid	0.788	0.115	0.179
mut_FLT3-TKD	PLS	Metabolite	0.694	0.071	0.165
mut_FLT3-TKD	PLS	RNA	0.615	0.132	0.065
mut_FLT3-TKD	RF	ADT	0.792	0.091	0.16
mut_FLT3-TKD	RF	Cell-comm	0.622	0.188	0.04
mut_FLT3-TKD	RF	Composition	0.641	0.068	0.093
mut_FLT3-TKD	RF	GRN	0.701	0.12	0.091
mut_FLT3-TKD	RF	LSC	0.643	0.099	0.074
mut_FLT3-TKD	RF	Lipid	0.787	0.108	0.14
mut_FLT3-TKD	RF	Metabolite	0.797	0.088	0.167
mut_FLT3-TKD	RF	RNA	0.812	0.052	0.235
mut_FLT3-TKD	HistGB	ADT	0.836	0.051	0.242
mut_FLT3-TKD	HistGB	Cell-comm	0.554	0.099	0.026
mut_FLT3-TKD	HistGB	Composition	0.689	0.069	0.115
mut_FLT3-TKD	HistGB	GRN	0.678	0.102	0.086
mut_FLT3-TKD	HistGB	LSC	0.625	0.088	0.066
mut_FLT3-TKD	HistGB	Lipid	0.756	0.069	0.158
mut_FLT3-TKD	HistGB	Metabolite	0.735	0.166	0.079
mut_FLT3-TKD	HistGB	RNA	0.895	0.076	0.228
mut_FLT3-TKD	NaiveB	ADT	0.695	0.145	0.128
mut_FLT3-TKD	NaiveB	Cell-comm	0.548	0.102	0.04
mut_FLT3-TKD	NaiveB	Composition	0.677	0.058	0.21
mut_FLT3-TKD	NaiveB	GRN	0.615	0.094	0.102
mut_FLT3-TKD	NaiveB	LSC	0.659	0.128	0.114
mut_FLT3-TKD	NaiveB	Lipid	0.675	0.159	0.107
mut_FLT3-TKD	NaiveB	Metabolite	0.707	0.157	0.128
mut_FLT3-TKD	NaiveB	RNA	0.735	0.125	0.171
mut_FLT3-TKD	kNN	ADT	0.66	0.173	0.136
mut_FLT3-TKD	kNN	Cell-comm	0.5	0.0	0.0
mut_FLT3-TKD	kNN	Composition	0.654	0.141	0.154
mut_FLT3-TKD	kNN	GRN	0.525	0.081	0.036
mut_FLT3-TKD	kNN	LSC	0.54	0.074	0.061
mut_FLT3-TKD	kNN	Lipid	0.533	0.071	0.052
mut_FLT3-TKD	kNN	Metabolite	0.585	0.006	0.289
mut_FLT3-TKD	kNN	RNA	0.715	0.101	0.271
mut_FLT3-TKD	MLP	ADT	0.551	0.22	0.086
mut_FLT3-TKD	MLP	Cell-comm	0.57	0.237	0.112
mut_FLT3-TKD	MLP	Composition	0.428	0.092	0.0
mut_FLT3-TKD	MLP	GRN	0.6	0.117	0.274
mut_FLT3-TKD	MLP	LSC	0.466	0.103	0.0
mut_FLT3-TKD	MLP	Lipid	0.694	0.207	0.345
mut_FLT3-TKD	MLP	Metabolite	0.602	0.207	0.182
mut_FLT3-TKD	MLP	RNA	0.5	0.078	0.002
mut_IDH1	logL2	ADT	0.638	0.056	0.139
mut_IDH1	logL2	Cell-comm	0.805	0.097	0.221
mut_IDH1	logL2	Composition	0.537	0.08	0.03
mut_IDH1	logL2	GRN	0.679	0.113	0.117
mut_IDH1	logL2	LSC	0.407	0.091	0.0
mut_IDH1	logL2	Lipid	0.781	0.151	0.149
mut_IDH1	logL2	Metabolite	0.712	0.147	0.115
mut_IDH1	logL2	RNA	0.848	0.112	0.229
mut_IDH1	logL1	ADT	0.666	0.055	0.16
mut_IDH1	logL1	Cell-comm	0.537	0.059	0.034
mut_IDH1	logL1	Composition	0.436	0.049	0.0
mut_IDH1	logL1	GRN	0.65	0.133	0.083
mut_IDH1	logL1	LSC	0.398	0.082	0.0
mut_IDH1	logL1	Lipid	0.781	0.046	0.296
mut_IDH1	logL1	Metabolite	0.671	0.133	0.094
mut_IDH1	logL1	RNA	0.874	0.063	0.333
mut_IDH1	elastic	ADT	0.643	0.05	0.149
mut_IDH1	elastic	Cell-comm	0.715	0.115	0.135
mut_IDH1	elastic	Composition	0.447	0.076	0.0
mut_IDH1	elastic	GRN	0.674	0.13	0.101
mut_IDH1	elastic	LSC	0.611	0.078	0.09
mut_IDH1	elastic	Lipid	0.759	0.145	0.138
mut_IDH1	elastic	Metabolite	0.696	0.164	0.095
mut_IDH1	elastic	RNA	0.86	0.078	0.293
mut_IDH1	linSVM	ADT	0.673	0.085	0.169
mut_IDH1	linSVM	Cell-comm	0.618	0.093	0.109
mut_IDH1	linSVM	Composition	0.483	0.097	0.0
mut_IDH1	linSVM	GRN	0.554	0.066	0.062
mut_IDH1	linSVM	LSC	0.421	0.094	0.0
mut_IDH1	linSVM	Lipid	0.724	0.156	0.144
mut_IDH1	linSVM	Metabolite	0.673	0.133	0.125
mut_IDH1	linSVM	RNA	0.868	0.075	0.391
mut_IDH1	shrLDA	ADT	0.641	0.106	0.111
mut_IDH1	shrLDA	Cell-comm	0.5	0.0	0.0
mut_IDH1	shrLDA	Composition	0.492	0.051	0.0
mut_IDH1	shrLDA	GRN	0.705	0.131	0.139
mut_IDH1	shrLDA	LSC	0.394	0.078	0.0
mut_IDH1	shrLDA	Lipid	0.664	0.071	0.166
mut_IDH1	shrLDA	Metabolite	0.661	0.069	0.166
mut_IDH1	shrLDA	RNA	0.833	0.048	0.417
mut_IDH1	PLS	ADT	0.635	0.135	0.092
mut_IDH1	PLS	Cell-comm	0.773	0.094	0.238
mut_IDH1	PLS	Composition	0.438	0.047	0.0
mut_IDH1	PLS	GRN	0.66	0.101	0.133
mut_IDH1	PLS	LSC	0.545	0.132	0.031
mut_IDH1	PLS	Lipid	0.691	0.122	0.14
mut_IDH1	PLS	Metabolite	0.604	0.136	0.07
mut_IDH1	PLS	RNA	0.82	0.086	0.296
mut_IDH1	RF	ADT	0.597	0.1	0.065
mut_IDH1	RF	Cell-comm	0.707	0.088	0.15
mut_IDH1	RF	Composition	0.65	0.103	0.098
mut_IDH1	RF	GRN	0.681	0.075	0.145
mut_IDH1	RF	LSC	0.479	0.035	0.0
mut_IDH1	RF	Lipid	0.663	0.04	0.181
mut_IDH1	RF	Metabolite	0.651	0.075	0.121
mut_IDH1	RF	RNA	0.815	0.082	0.239
mut_IDH1	HistGB	ADT	0.556	0.092	0.052
mut_IDH1	HistGB	Cell-comm	0.611	0.031	0.183
mut_IDH1	HistGB	Composition	0.561	0.033	0.097
mut_IDH1	HistGB	GRN	0.64	0.053	0.181
mut_IDH1	HistGB	LSC	0.508	0.123	0.006
mut_IDH1	HistGB	Lipid	0.569	0.166	0.042
mut_IDH1	HistGB	Metabolite	0.637	0.061	0.165
mut_IDH1	HistGB	RNA	0.762	0.078	0.273
mut_IDH1	NaiveB	ADT	0.64	0.141	0.09
mut_IDH1	NaiveB	Cell-comm	0.727	0.096	0.189
mut_IDH1	NaiveB	Composition	0.446	0.008	0.0
mut_IDH1	NaiveB	GRN	0.548	0.146	0.03
mut_IDH1	NaiveB	LSC	0.391	0.049	0.0
mut_IDH1	NaiveB	Lipid	0.667	0.08	0.158
mut_IDH1	NaiveB	Metabolite	0.631	0.076	0.126
mut_IDH1	NaiveB	RNA	0.85	0.055	0.407
mut_IDH1	kNN	ADT	0.508	0.032	0.03
mut_IDH1	kNN	Cell-comm	0.5	0.0	0.0
mut_IDH1	kNN	Composition	0.445	0.054	0.0
mut_IDH1	kNN	GRN	0.565	0.125	0.113
mut_IDH1	kNN	LSC	0.541	0.082	0.094
mut_IDH1	kNN	Lipid	0.617	0.131	0.194
mut_IDH1	kNN	Metabolite	0.568	0.13	0.114
mut_IDH1	kNN	RNA	0.778	0.134	0.455
mut_IDH1	MLP	ADT	0.458	0.102	0.0
mut_IDH1	MLP	Cell-comm	0.663	0.104	0.546
mut_IDH1	MLP	Composition	0.575	0.153	0.191
mut_IDH1	MLP	GRN	0.414	0.134	0.0
mut_IDH1	MLP	LSC	0.581	0.136	0.225
mut_IDH1	MLP	Lipid	0.443	0.124	0.0
mut_IDH1	MLP	Metabolite	0.517	0.175	0.038
mut_IDH1	MLP	RNA	0.331	0.071	0.0
mut_IDH2	logL2	ADT	0.58	0.186	0.093
mut_IDH2	logL2	Cell-comm	0.499	0.126	0.0
mut_IDH2	logL2	Composition	0.609	0.113	0.183
mut_IDH2	logL2	GRN	0.604	0.101	0.188
mut_IDH2	logL2	LSC	0.567	0.136	0.098
mut_IDH2	logL2	Lipid	0.529	0.13	0.045
mut_IDH2	logL2	Metabolite	0.526	0.101	0.048
mut_IDH2	logL2	RNA	0.747	0.146	0.345
mut_IDH2	logL1	ADT	0.615	0.19	0.132
mut_IDH2	logL1	Cell-comm	0.494	0.004	0.0
mut_IDH2	logL1	Composition	0.589	0.162	0.116
mut_IDH2	logL1	GRN	0.629	0.169	0.163
mut_IDH2	logL1	LSC	0.573	0.139	0.107
mut_IDH2	logL1	Lipid	0.521	0.098	0.04
mut_IDH2	logL1	Metabolite	0.604	0.2	0.115
mut_IDH2	logL1	RNA	0.743	0.155	0.327
mut_IDH2	elastic	ADT	0.557	0.19	0.065
mut_IDH2	elastic	Cell-comm	0.5	0.186	0.0
mut_IDH2	elastic	Composition	0.582	0.149	0.113
mut_IDH2	elastic	GRN	0.66	0.148	0.221
mut_IDH2	elastic	LSC	0.593	0.208	0.099
mut_IDH2	elastic	Lipid	0.515	0.132	0.023
mut_IDH2	elastic	Metabolite	0.562	0.115	0.104
mut_IDH2	elastic	RNA	0.749	0.131	0.376
mut_IDH2	linSVM	ADT	0.545	0.175	0.043
mut_IDH2	linSVM	Cell-comm	0.561	0.061	0.118
mut_IDH2	linSVM	Composition	0.558	0.09	0.09
mut_IDH2	linSVM	GRN	0.598	0.087	0.155
mut_IDH2	linSVM	LSC	0.561	0.128	0.074
mut_IDH2	linSVM	Lipid	0.548	0.061	0.093
mut_IDH2	linSVM	Metabolite	0.645	0.079	0.244
mut_IDH2	linSVM	RNA	0.589	0.055	0.183
mut_IDH2	shrLDA	ADT	0.435	0.125	0.0
mut_IDH2	shrLDA	Cell-comm	0.5	0.0	0.0
mut_IDH2	shrLDA	Composition	0.579	0.146	0.19
mut_IDH2	shrLDA	GRN	0.62	0.065	0.497
mut_IDH2	shrLDA	LSC	0.592	0.112	0.27
mut_IDH2	shrLDA	Lipid	0.453	0.067	0.0
mut_IDH2	shrLDA	Metabolite	0.509	0.046	0.043
mut_IDH2	shrLDA	RNA	0.383	0.155	0.0
mut_IDH2	PLS	ADT	0.441	0.091	0.0
mut_IDH2	PLS	Cell-comm	0.495	0.135	0.0
mut_IDH2	PLS	Composition	0.57	0.115	0.31
mut_IDH2	PLS	GRN	0.537	0.072	0.218
mut_IDH2	PLS	LSC	0.625	0.142	0.472
mut_IDH2	PLS	Lipid	0.456	0.062	0.0
mut_IDH2	PLS	Metabolite	0.486	0.043	0.0
mut_IDH2	PLS	RNA	0.378	0.062	0.0
mut_IDH2	RF	ADT	0.427	0.133	0.0
mut_IDH2	RF	Cell-comm	0.569	0.075	0.138
mut_IDH2	RF	Composition	0.412	0.019	0.0
mut_IDH2	RF	GRN	0.6	0.215	0.094
mut_IDH2	RF	LSC	0.412	0.114	0.0
mut_IDH2	RF	Lipid	0.449	0.134	0.0
mut_IDH2	RF	Metabolite	0.448	0.014	0.0
mut_IDH2	RF	RNA	0.768	0.037	0.767
mut_IDH2	HistGB	ADT	0.496	0.066	0.0
mut_IDH2	HistGB	Cell-comm	0.463	0.066	0.0
mut_IDH2	HistGB	Composition	0.444	0.098	0.0
mut_IDH2	HistGB	GRN	0.637	0.124	0.433
mut_IDH2	HistGB	LSC	0.47	0.038	0.0
mut_IDH2	HistGB	Lipid	0.344	0.111	0.0
mut_IDH2	HistGB	Metabolite	0.516	0.106	0.057
mut_IDH2	HistGB	RNA	0.703	0.169	0.511
mut_IDH2	NaiveB	ADT	0.588	0.259	0.12
mut_IDH2	NaiveB	Cell-comm	0.488	0.049	0.0
mut_IDH2	NaiveB	Composition	0.479	0.157	0.0
mut_IDH2	NaiveB	GRN	0.616	0.195	0.201
mut_IDH2	NaiveB	LSC	0.561	0.168	0.117
mut_IDH2	NaiveB	Lipid	0.509	0.216	0.013
mut_IDH2	NaiveB	Metabolite	0.533	0.294	0.041
mut_IDH2	NaiveB	RNA	0.711	0.126	0.508
mut_IDH2	kNN	ADT	0.501	0.11	0.002
mut_IDH2	kNN	Cell-comm	0.5	0.0	0.0
mut_IDH2	kNN	Composition	0.414	0.197	0.0
mut_IDH2	kNN	GRN	0.658	0.206	0.295
mut_IDH2	kNN	LSC	0.415	0.143	0.0
mut_IDH2	kNN	Lipid	0.598	0.235	0.163
mut_IDH2	kNN	Metabolite	0.493	0.092	0.0
mut_IDH2	kNN	RNA	0.661	0.092	0.54
mut_IDH2	MLP	ADT	0.461	0.096	0.0
mut_IDH2	MLP	Cell-comm	0.551	0.029	0.151
mut_IDH2	MLP	Composition	0.665	0.141	0.206
mut_IDH2	MLP	GRN	0.615	0.115	0.166
mut_IDH2	MLP	LSC	0.374	0.158	0.0
mut_IDH2	MLP	Lipid	0.366	0.222	0.0
mut_IDH2	MLP	Metabolite	0.689	0.168	0.206
mut_IDH2	MLP	RNA	0.606	0.042	0.272
mut_NPM1	logL2	ADT	0.816	0.046	0.102
mut_NPM1	logL2	Cell-comm	0.847	0.034	0.128
mut_NPM1	logL2	Composition	0.712	0.026	0.086
mut_NPM1	logL2	GRN	0.88	0.024	0.158
mut_NPM1	logL2	LSC	0.481	0.045	0.0
mut_NPM1	logL2	Lipid	0.866	0.02	0.162
mut_NPM1	logL2	Metabolite	0.877	0.014	0.182
mut_NPM1	logL2	RNA	0.893	0.016	0.182
mut_NPM1	logL1	ADT	0.761	0.046	0.108
mut_NPM1	logL1	Cell-comm	0.774	0.068	0.093
mut_NPM1	logL1	Composition	0.691	0.065	0.067
mut_NPM1	logL1	GRN	0.864	0.019	0.211
mut_NPM1	logL1	LSC	0.469	0.022	0.0
mut_NPM1	logL1	Lipid	0.804	0.02	0.174
mut_NPM1	logL1	Metabolite	0.827	0.022	0.183
mut_NPM1	logL1	RNA	0.815	0.026	0.165
mut_NPM1	elastic	ADT	0.795	0.053	0.09
mut_NPM1	elastic	Cell-comm	0.837	0.051	0.105
mut_NPM1	elastic	Composition	0.718	0.047	0.071
mut_NPM1	elastic	GRN	0.871	0.002	0.224
mut_NPM1	elastic	LSC	0.463	0.028	0.0
mut_NPM1	elastic	Lipid	0.824	0.024	0.138
mut_NPM1	elastic	Metabolite	0.851	0.015	0.17
mut_NPM1	elastic	RNA	0.863	0.007	0.201
mut_NPM1	linSVM	ADT	0.825	0.045	0.125
mut_NPM1	linSVM	Cell-comm	0.572	0.073	0.021
mut_NPM1	linSVM	Composition	0.688	0.029	0.087
mut_NPM1	linSVM	GRN	0.803	0.025	0.147
mut_NPM1	linSVM	LSC	0.473	0.038	0.0
mut_NPM1	linSVM	Lipid	0.862	0.02	0.189
mut_NPM1	linSVM	Metabolite	0.864	0.01	0.221
mut_NPM1	linSVM	RNA	0.891	0.018	0.209
mut_NPM1	shrLDA	ADT	0.832	0.055	0.123
mut_NPM1	shrLDA	Cell-comm	0.67	0.039	0.074
mut_NPM1	shrLDA	Composition	0.689	0.032	0.09
mut_NPM1	shrLDA	GRN	0.833	0.023	0.176
mut_NPM1	shrLDA	LSC	0.478	0.035	0.0
mut_NPM1	shrLDA	Lipid	0.869	0.027	0.186
mut_NPM1	shrLDA	Metabolite	0.865	0.03	0.178
mut_NPM1	shrLDA	RNA	0.853	0.029	0.173
mut_NPM1	PLS	ADT	0.831	0.048	0.102
mut_NPM1	PLS	Cell-comm	0.785	0.011	0.139
mut_NPM1	PLS	Composition	0.689	0.022	0.078
mut_NPM1	PLS	GRN	0.898	0.015	0.184
mut_NPM1	PLS	LSC	0.461	0.04	0.0
mut_NPM1	PLS	Lipid	0.888	0.022	0.162
mut_NPM1	PLS	Metabolite	0.869	0.009	0.188
mut_NPM1	PLS	RNA	0.871	0.025	0.147
mut_NPM1	RF	ADT	0.787	0.025	0.132
mut_NPM1	RF	Cell-comm	0.871	0.052	0.125
mut_NPM1	RF	Composition	0.801	0.019	0.149
mut_NPM1	RF	GRN	0.864	0.035	0.148
mut_NPM1	RF	LSC	0.606	0.066	0.031
mut_NPM1	RF	Lipid	0.784	0.066	0.084
mut_NPM1	RF	Metabolite	0.831	0.024	0.154
mut_NPM1	RF	RNA	0.84	0.016	0.177
mut_NPM1	HistGB	ADT	0.789	0.049	0.11
mut_NPM1	HistGB	Cell-comm	0.835	0.038	0.143
mut_NPM1	HistGB	Composition	0.785	0.031	0.133
mut_NPM1	HistGB	GRN	0.873	0.032	0.171
mut_NPM1	HistGB	LSC	0.559	0.077	0.018
mut_NPM1	HistGB	Lipid	0.788	0.071	0.09
mut_NPM1	HistGB	Metabolite	0.857	0.03	0.169
mut_NPM1	HistGB	RNA	0.861	0.032	0.166
mut_NPM1	NaiveB	ADT	0.694	0.092	0.139
mut_NPM1	NaiveB	Cell-comm	0.614	0.067	0.098
mut_NPM1	NaiveB	Composition	0.692	0.052	0.189
mut_NPM1	NaiveB	GRN	0.676	0.075	0.143
mut_NPM1	NaiveB	LSC	0.564	0.065	0.056
mut_NPM1	NaiveB	Lipid	0.684	0.055	0.177
mut_NPM1	NaiveB	Metabolite	0.619	0.073	0.098
mut_NPM1	NaiveB	RNA	0.648	0.101	0.099
mut_NPM1	kNN	ADT	0.657	0.027	0.127
mut_NPM1	kNN	Cell-comm	0.604	0.075	0.051
mut_NPM1	kNN	Composition	0.655	0.039	0.107
mut_NPM1	kNN	GRN	0.763	0.018	0.237
mut_NPM1	kNN	LSC	0.528	0.048	0.018
mut_NPM1	kNN	Lipid	0.702	0.04	0.138
mut_NPM1	kNN	Metabolite	0.752	0.031	0.19
mut_NPM1	kNN	RNA	0.734	0.059	0.133
mut_NPM1	MLP	ADT	0.65	0.022	0.189
mut_NPM1	MLP	Cell-comm	0.625	0.083	0.085
mut_NPM1	MLP	Composition	0.567	0.03	0.076
mut_NPM1	MLP	GRN	0.673	0.101	0.104
mut_NPM1	MLP	LSC	0.497	0.041	0.0
mut_NPM1	MLP	Lipid	0.622	0.028	0.142
mut_NPM1	MLP	Metabolite	0.795	0.036	0.311
mut_NPM1	MLP	RNA	0.644	0.09	0.093
mut_NRAS	logL2	ADT	0.732	0.101	0.096
mut_NRAS	logL2	Cell-comm	0.801	0.043	0.202
mut_NRAS	logL2	Composition	0.71	0.116	0.079
mut_NRAS	logL2	GRN	0.812	0.124	0.112
mut_NRAS	logL2	LSC	0.496	0.066	0.0
mut_NRAS	logL2	Lipid	0.782	0.062	0.157
mut_NRAS	logL2	Metabolite	0.742	0.073	0.123
mut_NRAS	logL2	RNA	0.846	0.044	0.23
mut_NRAS	logL1	ADT	0.742	0.071	0.147
mut_NRAS	logL1	Cell-comm	0.595	0.05	0.07
mut_NRAS	logL1	Composition	0.701	0.062	0.132
mut_NRAS	logL1	GRN	0.801	0.132	0.121
mut_NRAS	logL1	LSC	0.499	0.052	0.0
mut_NRAS	logL1	Lipid	0.801	0.08	0.169
mut_NRAS	logL1	Metabolite	0.796	0.087	0.159
mut_NRAS	logL1	RNA	0.772	0.05	0.201
mut_NRAS	elastic	ADT	0.737	0.093	0.105
mut_NRAS	elastic	Cell-comm	0.771	0.064	0.15
mut_NRAS	elastic	Composition	0.685	0.126	0.066
mut_NRAS	elastic	GRN	0.831	0.121	0.122
mut_NRAS	elastic	LSC	0.503	0.071	0.002
mut_NRAS	elastic	Lipid	0.797	0.068	0.16
mut_NRAS	elastic	Metabolite	0.757	0.068	0.138
mut_NRAS	elastic	RNA	0.795	0.023	0.257
mut_NRAS	linSVM	ADT	0.743	0.101	0.104
mut_NRAS	linSVM	Cell-comm	0.72	0.032	0.174
mut_NRAS	linSVM	Composition	0.675	0.145	0.058
mut_NRAS	linSVM	GRN	0.768	0.095	0.12
mut_NRAS	linSVM	LSC	0.487	0.086	0.0
mut_NRAS	linSVM	Lipid	0.752	0.061	0.147
mut_NRAS	linSVM	Metabolite	0.743	0.059	0.145
mut_NRAS	linSVM	RNA	0.835	0.036	0.253
mut_NRAS	shrLDA	ADT	0.746	0.178	0.119
mut_NRAS	shrLDA	Cell-comm	0.497	0.004	0.0
mut_NRAS	shrLDA	Composition	0.699	0.097	0.149
mut_NRAS	shrLDA	GRN	0.794	0.127	0.183
mut_NRAS	shrLDA	LSC	0.537	0.094	0.029
mut_NRAS	shrLDA	Lipid	0.677	0.094	0.135
mut_NRAS	shrLDA	Metabolite	0.722	0.058	0.225
mut_NRAS	shrLDA	RNA	0.737	0.112	0.161
mut_NRAS	PLS	ADT	0.735	0.138	0.1
mut_NRAS	PLS	Cell-comm	0.792	0.04	0.259
mut_NRAS	PLS	Composition	0.572	0.103	0.038
mut_NRAS	PLS	GRN	0.785	0.134	0.123
mut_NRAS	PLS	LSC	0.545	0.117	0.022
mut_NRAS	PLS	Lipid	0.737	0.12	0.111
mut_NRAS	PLS	Metabolite	0.782	0.083	0.169
mut_NRAS	PLS	RNA	0.774	0.073	0.178
mut_NRAS	RF	ADT	0.721	0.062	0.088
mut_NRAS	RF	Cell-comm	0.841	0.003	0.286
mut_NRAS	RF	Composition	0.785	0.066	0.109
mut_NRAS	RF	GRN	0.81	0.14	0.072
mut_NRAS	RF	LSC	0.74	0.025	0.143
mut_NRAS	RF	Lipid	0.806	0.138	0.072
mut_NRAS	RF	Metabolite	0.799	0.11	0.083
mut_NRAS	RF	RNA	0.774	0.033	0.147
mut_NRAS	HistGB	ADT	0.748	0.147	0.076
mut_NRAS	HistGB	Cell-comm	0.808	0.048	0.188
mut_NRAS	HistGB	Composition	0.751	0.049	0.152
mut_NRAS	HistGB	GRN	0.804	0.143	0.095
mut_NRAS	HistGB	LSC	0.623	0.093	0.052
mut_NRAS	HistGB	Lipid	0.781	0.099	0.113
mut_NRAS	HistGB	Metabolite	0.829	0.068	0.167
mut_NRAS	HistGB	RNA	0.779	0.056	0.158
mut_NRAS	NaiveB	ADT	0.689	0.065	0.131
mut_NRAS	NaiveB	Cell-comm	0.774	0.01	0.363
mut_NRAS	NaiveB	Composition	0.597	0.163	0.036
mut_NRAS	NaiveB	GRN	0.68	0.073	0.116
mut_NRAS	NaiveB	LSC	0.452	0.094	0.0
mut_NRAS	NaiveB	Lipid	0.759	0.113	0.126
mut_NRAS	NaiveB	Metabolite	0.701	0.121	0.094
mut_NRAS	NaiveB	RNA	0.676	0.055	0.134
mut_NRAS	kNN	ADT	0.74	0.052	0.245
mut_NRAS	kNN	Cell-comm	0.5	0.0	0.0
mut_NRAS	kNN	Composition	0.676	0.141	0.096
mut_NRAS	kNN	GRN	0.689	0.118	0.117
mut_NRAS	kNN	LSC	0.559	0.101	0.04
mut_NRAS	kNN	Lipid	0.751	0.098	0.177
mut_NRAS	kNN	Metabolite	0.753	0.12	0.155
mut_NRAS	kNN	RNA	0.703	0.074	0.17
mut_NRAS	MLP	ADT	0.568	0.066	0.065
mut_NRAS	MLP	Cell-comm	0.777	0.08	0.235
mut_NRAS	MLP	Composition	0.614	0.102	0.083
mut_NRAS	MLP	GRN	0.735	0.116	0.156
mut_NRAS	MLP	LSC	0.456	0.073	0.0
mut_NRAS	MLP	Lipid	0.736	0.045	0.274
mut_NRAS	MLP	Metabolite	0.669	0.101	0.123
mut_NRAS	MLP	RNA	0.598	0.119	0.064
mut_PHIP	logL2	ADT	0.923	0.042	0.151
mut_PHIP	logL2	Cell-comm	0.938	0.031	0.178
mut_PHIP	logL2	Composition	0.778	0.066	0.079
mut_PHIP	logL2	GRN	0.937	0.028	0.184
mut_PHIP	logL2	LSC	0.417	0.162	0.0
mut_PHIP	logL2	Lipid	0.923	0.037	0.16
mut_PHIP	logL2	Metabolite	0.929	0.033	0.171
mut_PHIP	logL2	RNA	0.895	0.116	0.078
mut_PHIP	logL1	ADT	0.908	0.036	0.199
mut_PHIP	logL1	Cell-comm	0.657	0.225	0.024
mut_PHIP	logL1	Composition	0.812	0.071	0.109
mut_PHIP	logL1	GRN	0.915	0.071	0.143
mut_PHIP	logL1	LSC	0.417	0.166	0.0
mut_PHIP	logL1	Lipid	0.902	0.039	0.19
mut_PHIP	logL1	Metabolite	0.945	0.027	0.243
mut_PHIP	logL1	RNA	0.837	0.102	0.093
mut_PHIP	elastic	ADT	0.924	0.034	0.157
mut_PHIP	elastic	Cell-comm	0.917	0.024	0.176
mut_PHIP	elastic	Composition	0.8	0.078	0.074
mut_PHIP	elastic	GRN	0.958	0.022	0.2
mut_PHIP	elastic	LSC	0.465	0.182	0.0
mut_PHIP	elastic	Lipid	0.916	0.032	0.16
mut_PHIP	elastic	Metabolite	0.931	0.019	0.195
mut_PHIP	elastic	RNA	0.803	0.205	0.037
mut_PHIP	linSVM	ADT	0.907	0.008	0.322
mut_PHIP	linSVM	Cell-comm	0.7	0.186	0.039
mut_PHIP	linSVM	Composition	0.713	0.084	0.073
mut_PHIP	linSVM	GRN	0.569	0.209	0.012
mut_PHIP	linSVM	LSC	0.429	0.164	0.0
mut_PHIP	linSVM	Lipid	0.892	0.017	0.268
mut_PHIP	linSVM	Metabolite	0.925	0.042	0.214
mut_PHIP	linSVM	RNA	0.823	0.154	0.073
mut_PHIP	shrLDA	ADT	0.89	0.027	0.349
mut_PHIP	shrLDA	Cell-comm	0.5	0.0	0.0
mut_PHIP	shrLDA	Composition	0.731	0.073	0.129
mut_PHIP	shrLDA	GRN	0.603	0.151	0.035
mut_PHIP	shrLDA	LSC	0.414	0.172	0.0
mut_PHIP	shrLDA	Lipid	0.869	0.04	0.283
mut_PHIP	shrLDA	Metabolite	0.879	0.092	0.184
mut_PHIP	shrLDA	RNA	0.612	0.336	0.02
mut_PHIP	PLS	ADT	0.758	0.084	0.084
mut_PHIP	PLS	Cell-comm	0.927	0.028	0.241
mut_PHIP	PLS	Composition	0.578	0.141	0.018
mut_PHIP	PLS	GRN	0.913	0.039	0.204
mut_PHIP	PLS	LSC	0.459	0.194	0.0
mut_PHIP	PLS	Lipid	0.888	0.052	0.167
mut_PHIP	PLS	Metabolite	0.949	0.022	0.274
mut_PHIP	PLS	RNA	0.617	0.414	0.011
mut_PHIP	RF	ADT	0.739	0.173	0.041
mut_PHIP	RF	Cell-comm	0.847	0.109	0.083
mut_PHIP	RF	Composition	0.751	0.059	0.087
mut_PHIP	RF	GRN	0.954	0.018	0.252
mut_PHIP	RF	LSC	0.394	0.09	0.0
mut_PHIP	RF	Lipid	0.919	0.032	0.193
mut_PHIP	RF	Metabolite	0.936	0.019	0.241
mut_PHIP	RF	RNA	0.857	0.08	0.104
mut_PHIP	HistGB	ADT	0.665	0.334	0.025
mut_PHIP	HistGB	Cell-comm	0.96	0.044	0.289
mut_PHIP	HistGB	Composition	0.769	0.133	0.087
mut_PHIP	HistGB	GRN	0.873	0.079	0.171
mut_PHIP	HistGB	LSC	0.329	0.182	0.0
mut_PHIP	HistGB	Lipid	0.88	0.068	0.191
mut_PHIP	HistGB	Metabolite	0.778	0.101	0.109
mut_PHIP	HistGB	RNA	0.864	0.12	0.127
mut_PHIP	NaiveB	ADT	0.849	0.066	0.26
mut_PHIP	NaiveB	Cell-comm	0.696	0.144	0.087
mut_PHIP	NaiveB	Composition	0.529	0.086	0.018
mut_PHIP	NaiveB	GRN	0.653	0.222	0.048
mut_PHIP	NaiveB	LSC	0.442	0.161	0.0
mut_PHIP	NaiveB	Lipid	0.845	0.144	0.153
mut_PHIP	NaiveB	Metabolite	0.841	0.146	0.15
mut_PHIP	NaiveB	RNA	0.862	0.06	0.284
mut_PHIP	kNN	ADT	0.811	0.161	0.108
mut_PHIP	kNN	Cell-comm	0.5	0.0	0.0
mut_PHIP	kNN	Composition	0.657	0.208	0.045
mut_PHIP	kNN	GRN	0.898	0.09	0.208
mut_PHIP	kNN	LSC	0.36	0.012	0.0
mut_PHIP	kNN	Lipid	0.888	0.079	0.219
mut_PHIP	kNN	Metabolite	0.865	0.083	0.201
mut_PHIP	kNN	RNA	0.892	0.081	0.219
mut_PHIP	MLP	ADT	0.471	0.078	0.0
mut_PHIP	MLP	Cell-comm	0.717	0.22	0.107
mut_PHIP	MLP	Composition	0.612	0.228	0.054
mut_PHIP	MLP	GRN	0.574	0.372	0.023
mut_PHIP	MLP	LSC	0.59	0.255	0.039
mut_PHIP	MLP	Lipid	0.831	0.045	0.468
mut_PHIP	MLP	Metabolite	0.727	0.206	0.119
mut_PHIP	MLP	RNA	0.703	0.094	0.188
mut_RUNX1	logL2	ADT	0.552	0.106	0.031
mut_RUNX1	logL2	Cell-comm	0.741	0.083	0.164
mut_RUNX1	logL2	Composition	0.634	0.096	0.084
mut_RUNX1	logL2	GRN	0.824	0.114	0.18
mut_RUNX1	logL2	LSC	0.587	0.096	0.054
mut_RUNX1	logL2	Lipid	0.709	0.074	0.154
mut_RUNX1	logL2	Metabolite	0.866	0.083	0.25
mut_RUNX1	logL2	RNA	0.688	0.155	0.084
mut_RUNX1	logL1	ADT	0.433	0.112	0.0
mut_RUNX1	logL1	Cell-comm	0.521	0.063	0.026
mut_RUNX1	logL1	Composition	0.686	0.128	0.152
mut_RUNX1	logL1	GRN	0.696	0.106	0.182
mut_RUNX1	logL1	LSC	0.574	0.093	0.075
mut_RUNX1	logL1	Lipid	0.695	0.13	0.157
mut_RUNX1	logL1	Metabolite	0.828	0.067	0.408
mut_RUNX1	logL1	RNA	0.479	0.149	0.0
mut_RUNX1	elastic	ADT	0.482	0.088	0.0
mut_RUNX1	elastic	Cell-comm	0.719	0.074	0.172
mut_RUNX1	elastic	Composition	0.651	0.065	0.127
mut_RUNX1	elastic	GRN	0.735	0.054	0.218
mut_RUNX1	elastic	LSC	0.552	0.084	0.038
mut_RUNX1	elastic	Lipid	0.717	0.079	0.163
mut_RUNX1	elastic	Metabolite	0.843	0.079	0.258
mut_RUNX1	elastic	RNA	0.55	0.15	0.024
mut_RUNX1	linSVM	ADT	0.672	0.114	0.099
mut_RUNX1	linSVM	Cell-comm	0.622	0.061	0.103
mut_RUNX1	linSVM	Composition	0.597	0.166	0.042
mut_RUNX1	linSVM	GRN	0.582	0.06	0.071
mut_RUNX1	linSVM	LSC	0.585	0.09	0.057
mut_RUNX1	linSVM	Lipid	0.743	0.028	0.292
mut_RUNX1	linSVM	Metabolite	0.774	0.063	0.228
mut_RUNX1	linSVM	RNA	0.697	0.121	0.108
mut_RUNX1	shrLDA	ADT	0.715	0.146	0.157
mut_RUNX1	shrLDA	Cell-comm	0.5	0.0	0.0
mut_RUNX1	shrLDA	Composition	0.648	0.081	0.161
mut_RUNX1	shrLDA	GRN	0.632	0.088	0.136
mut_RUNX1	shrLDA	LSC	0.588	0.083	0.095
mut_RUNX1	shrLDA	Lipid	0.722	0.1	0.212
mut_RUNX1	shrLDA	Metabolite	0.665	0.074	0.189
mut_RUNX1	shrLDA	RNA	0.543	0.072	0.05
mut_RUNX1	PLS	ADT	0.731	0.133	0.099
mut_RUNX1	PLS	Cell-comm	0.753	0.093	0.139
mut_RUNX1	PLS	Composition	0.544	0.094	0.024
mut_RUNX1	PLS	GRN	0.718	0.031	0.211
mut_RUNX1	PLS	LSC	0.458	0.157	0.0
mut_RUNX1	PLS	Lipid	0.764	0.017	0.311
mut_RUNX1	PLS	Metabolite	0.726	0.095	0.122
mut_RUNX1	PLS	RNA	0.642	0.069	0.094
mut_RUNX1	RF	ADT	0.514	0.104	0.009
mut_RUNX1	RF	Cell-comm	0.706	0.038	0.244
mut_RUNX1	RF	Composition	0.605	0.137	0.058
mut_RUNX1	RF	GRN	0.743	0.118	0.149
mut_RUNX1	RF	LSC	0.641	0.08	0.112
mut_RUNX1	RF	Lipid	0.699	0.075	0.164
mut_RUNX1	RF	Metabolite	0.734	0.081	0.185
mut_RUNX1	RF	RNA	0.591	0.072	0.077
mut_RUNX1	HistGB	ADT	0.539	0.156	0.031
mut_RUNX1	HistGB	Cell-comm	0.631	0.046	0.219
mut_RUNX1	HistGB	Composition	0.553	0.151	0.042
mut_RUNX1	HistGB	GRN	0.714	0.191	0.142
mut_RUNX1	HistGB	LSC	0.483	0.024	0.0
mut_RUNX1	HistGB	Lipid	0.702	0.138	0.172
mut_RUNX1	HistGB	Metabolite	0.744	0.049	0.394
mut_RUNX1	HistGB	RNA	0.476	0.164	0.0
mut_RUNX1	NaiveB	ADT	0.504	0.146	0.003
mut_RUNX1	NaiveB	Cell-comm	0.582	0.065	0.13
mut_RUNX1	NaiveB	Composition	0.515	0.092	0.019
mut_RUNX1	NaiveB	GRN	0.587	0.129	0.088
mut_RUNX1	NaiveB	LSC	0.555	0.113	0.062
mut_RUNX1	NaiveB	Lipid	0.665	0.011	0.49
mut_RUNX1	NaiveB	Metabolite	0.652	0.082	0.208
mut_RUNX1	NaiveB	RNA	0.495	0.027	0.0
mut_RUNX1	kNN	ADT	0.467	0.072	0.0
mut_RUNX1	kNN	Cell-comm	0.5	0.0	0.0
mut_RUNX1	kNN	Composition	0.595	0.078	0.121
mut_RUNX1	kNN	GRN	0.764	0.131	0.237
mut_RUNX1	kNN	LSC	0.65	0.082	0.184
mut_RUNX1	kNN	Lipid	0.678	0.112	0.178
mut_RUNX1	kNN	Metabolite	0.699	0.141	0.169
mut_RUNX1	kNN	RNA	0.593	0.086	0.111
mut_RUNX1	MLP	ADT	0.609	0.135	0.098
mut_RUNX1	MLP	Cell-comm	0.637	0.07	0.189
mut_RUNX1	MLP	Composition	0.699	0.075	0.265
mut_RUNX1	MLP	GRN	0.396	0.188	0.0
mut_RUNX1	MLP	LSC	0.62	0.136	0.107
mut_RUNX1	MLP	Lipid	0.639	0.05	0.23
mut_RUNX1	MLP	Metabolite	0.582	0.072	0.111
mut_RUNX1	MLP	RNA	0.481	0.092	0.0
mut_SRSF2	logL2	ADT	0.571	0.258	0.076
mut_SRSF2	logL2	Cell-comm	0.415	0.132	0.0
mut_SRSF2	logL2	Composition	0.506	0.094	0.014
mut_SRSF2	logL2	GRN	0.514	0.114	0.028
mut_SRSF2	logL2	LSC	0.651	0.015	0.768
mut_SRSF2	logL2	Lipid	0.552	0.224	0.063
mut_SRSF2	logL2	Metabolite	0.542	0.229	0.05
mut_SRSF2	logL2	RNA	0.386	0.164	0.0
mut_SRSF2	logL1	ADT	0.468	0.091	0.0
mut_SRSF2	logL1	Cell-comm	0.493	0.005	0.0
mut_SRSF2	logL1	Composition	0.428	0.146	0.0
mut_SRSF2	logL1	GRN	0.575	0.146	0.544
mut_SRSF2	logL1	LSC	0.553	0.162	0.353
mut_SRSF2	logL1	Lipid	0.362	0.18	0.0
mut_SRSF2	logL1	Metabolite	0.521	0.248	0.102
mut_SRSF2	logL1	RNA	0.322	0.172	0.0
mut_SRSF2	elastic	ADT	0.61	0.158	0.339
mut_SRSF2	elastic	Cell-comm	0.349	0.061	0.0
mut_SRSF2	elastic	Composition	0.432	0.133	0.0
mut_SRSF2	elastic	GRN	0.586	0.109	0.348
mut_SRSF2	elastic	LSC	0.565	0.084	0.313
mut_SRSF2	elastic	Lipid	0.426	0.192	0.0
mut_SRSF2	elastic	Metabolite	0.479	0.264	0.0
mut_SRSF2	elastic	RNA	0.323	0.202	0.0
mut_SRSF2	linSVM	ADT	0.565	0.221	0.062
mut_SRSF2	linSVM	Cell-comm	0.421	0.116	0.0
mut_SRSF2	linSVM	Composition	0.543	0.209	0.043
mut_SRSF2	linSVM	GRN	0.659	0.181	0.181
mut_SRSF2	linSVM	LSC	0.617	0.061	0.274
mut_SRSF2	linSVM	Lipid	0.682	0.24	0.164
mut_SRSF2	linSVM	Metabolite	0.654	0.228	0.145
mut_SRSF2	linSVM	RNA	0.58	0.111	0.131
mut_SRSF2	shrLDA	ADT	0.657	0.163	0.258
mut_SRSF2	shrLDA	Cell-comm	0.5	0.0	0.0
mut_SRSF2	shrLDA	Composition	0.453	0.102	0.0
mut_SRSF2	shrLDA	GRN	0.508	0.144	0.014
mut_SRSF2	shrLDA	LSC	0.587	0.109	0.191
mut_SRSF2	shrLDA	Lipid	0.71	0.172	0.329
mut_SRSF2	shrLDA	Metabolite	0.639	0.183	0.207
mut_SRSF2	shrLDA	RNA	0.421	0.213	0.0
mut_SRSF2	PLS	ADT	0.559	0.112	0.104
mut_SRSF2	PLS	Cell-comm	0.492	0.142	0.0
mut_SRSF2	PLS	Composition	0.443	0.166	0.0
mut_SRSF2	PLS	GRN	0.625	0.094	0.248
mut_SRSF2	PLS	LSC	0.566	0.216	0.07
mut_SRSF2	PLS	Lipid	0.685	0.21	0.203
mut_SRSF2	PLS	Metabolite	0.714	0.116	0.365
mut_SRSF2	PLS	RNA	0.506	0.133	0.009
mut_SRSF2	RF	ADT	0.555	0.234	0.817
mut_SRSF2	RF	Cell-comm	0.34	0.231	0.0
mut_SRSF2	RF	Composition	0.465	0.147	0.0
mut_SRSF2	RF	GRN	0.402	0.185	0.0
mut_SRSF2	RF	LSC	0.487	0.093	0.0
mut_SRSF2	RF	Lipid	0.5	0.256	0.003
mut_SRSF2	RF	Metabolite	0.46	0.186	0.0
mut_SRSF2	RF	RNA	0.508	0.138	0.179
mut_SRSF2	HistGB	ADT	0.587	0.033	0.385
mut_SRSF2	HistGB	Cell-comm	0.342	0.082	0.0
mut_SRSF2	HistGB	Composition	0.56	0.091	0.158
mut_SRSF2	HistGB	GRN	0.554	0.094	0.138
mut_SRSF2	HistGB	LSC	0.467	0.109	0.0
mut_SRSF2	HistGB	Lipid	0.451	0.196	0.0
mut_SRSF2	HistGB	Metabolite	0.615	0.083	0.319
mut_SRSF2	HistGB	RNA	0.371	0.138	0.0
mut_SRSF2	NaiveB	ADT	0.448	0.257	0.0
mut_SRSF2	NaiveB	Cell-comm	0.572	0.119	1.0
mut_SRSF2	NaiveB	Composition	0.463	0.011	0.0
mut_SRSF2	NaiveB	GRN	0.49	0.004	0.0
mut_SRSF2	NaiveB	LSC	0.498	0.223	0.0
mut_SRSF2	NaiveB	Lipid	0.353	0.146	0.0
mut_SRSF2	NaiveB	Metabolite	0.291	0.133	0.0
mut_SRSF2	NaiveB	RNA	0.436	0.078	0.0
mut_SRSF2	kNN	ADT	0.449	0.059	0.125
mut_SRSF2	kNN	Cell-comm	0.5	0.0	0.125
mut_SRSF2	kNN	Composition	0.419	0.106	0.125
mut_SRSF2	kNN	GRN	0.432	0.051	0.125
mut_SRSF2	kNN	LSC	0.387	0.028	0.125
mut_SRSF2	kNN	Lipid	0.459	0.068	0.125
mut_SRSF2	kNN	Metabolite	0.39	0.016	0.125
mut_SRSF2	kNN	RNA	0.493	0.116	0.125
mut_SRSF2	MLP	ADT	0.574	0.242	0.174
mut_SRSF2	MLP	Cell-comm	0.444	0.171	0.0
mut_SRSF2	MLP	Composition	0.608	0.304	0.208
mut_SRSF2	MLP	GRN	0.416	0.184	0.0
mut_SRSF2	MLP	LSC	0.659	0.169	0.497
mut_SRSF2	MLP	Lipid	0.406	0.166	0.0
mut_SRSF2	MLP	Metabolite	0.461	0.233	0.0
mut_SRSF2	MLP	RNA	0.556	0.264	0.122
mut_TET2	logL2	ADT	0.784	0.074	0.084
mut_TET2	logL2	Cell-comm	0.769	0.033	0.119
mut_TET2	logL2	Composition	0.789	0.024	0.142
mut_TET2	logL2	GRN	0.867	0.034	0.16
mut_TET2	logL2	LSC	0.376	0.074	0.0
mut_TET2	logL2	Lipid	0.832	0.027	0.156
mut_TET2	logL2	Metabolite	0.851	0.034	0.152
mut_TET2	logL2	RNA	0.857	0.019	0.187
mut_TET2	logL1	ADT	0.734	0.082	0.12
mut_TET2	logL1	Cell-comm	0.611	0.135	0.041
mut_TET2	logL1	Composition	0.7	0.071	0.112
mut_TET2	logL1	GRN	0.897	0.071	0.221
mut_TET2	logL1	LSC	0.414	0.099	0.0
mut_TET2	logL1	Lipid	0.811	0.041	0.23
mut_TET2	logL1	Metabolite	0.814	0.077	0.167
mut_TET2	logL1	RNA	0.698	0.072	0.109
mut_TET2	elastic	ADT	0.737	0.071	0.089
mut_TET2	elastic	Cell-comm	0.767	0.102	0.08
mut_TET2	elastic	Composition	0.747	0.052	0.111
mut_TET2	elastic	GRN	0.894	0.038	0.203
mut_TET2	elastic	LSC	0.373	0.072	0.0
mut_TET2	elastic	Lipid	0.849	0.042	0.174
mut_TET2	elastic	Metabolite	0.839	0.063	0.137
mut_TET2	elastic	RNA	0.761	0.008	0.206
mut_TET2	linSVM	ADT	0.825	0.051	0.14
mut_TET2	linSVM	Cell-comm	0.597	0.042	0.046
mut_TET2	linSVM	Composition	0.773	0.035	0.141
mut_TET2	linSVM	GRN	0.725	0.094	0.068
mut_TET2	linSVM	LSC	0.384	0.075	0.0
mut_TET2	linSVM	Lipid	0.889	0.01	0.285
mut_TET2	linSVM	Metabolite	0.866	0.054	0.153
mut_TET2	linSVM	RNA	0.838	0.038	0.167
mut_TET2	shrLDA	ADT	0.855	0.02	0.221
mut_TET2	shrLDA	Cell-comm	0.5	0.0	0.0
mut_TET2	shrLDA	Composition	0.791	0.049	0.129
mut_TET2	shrLDA	GRN	0.807	0.04	0.149
mut_TET2	shrLDA	LSC	0.43	0.124	0.0
mut_TET2	shrLDA	Lipid	0.902	0.03	0.219
mut_TET2	shrLDA	Metabolite	0.864	0.069	0.134
mut_TET2	shrLDA	RNA	0.815	0.043	0.148
mut_TET2	PLS	ADT	0.828	0.032	0.178
mut_TET2	PLS	Cell-comm	0.793	0.023	0.179
mut_TET2	PLS	Composition	0.768	0.111	0.074
mut_TET2	PLS	GRN	0.852	0.077	0.123
mut_TET2	PLS	LSC	0.492	0.155	0.0
mut_TET2	PLS	Lipid	0.884	0.046	0.177
mut_TET2	PLS	Metabolite	0.85	0.07	0.13
mut_TET2	PLS	RNA	0.808	0.048	0.14
mut_TET2	RF	ADT	0.699	0.098	0.11
mut_TET2	RF	Cell-comm	0.719	0.121	0.105
mut_TET2	RF	Composition	0.783	0.051	0.23
mut_TET2	RF	GRN	0.792	0.102	0.158
mut_TET2	RF	LSC	0.5	0.061	0.0
mut_TET2	RF	Lipid	0.729	0.107	0.12
mut_TET2	RF	Metabolite	0.737	0.085	0.144
mut_TET2	RF	RNA	0.69	0.067	0.134
mut_TET2	HistGB	ADT	0.707	0.063	0.137
mut_TET2	HistGB	Cell-comm	0.716	0.072	0.132
mut_TET2	HistGB	Composition	0.705	0.071	0.126
mut_TET2	HistGB	GRN	0.845	0.131	0.143
mut_TET2	HistGB	LSC	0.441	0.023	0.0
mut_TET2	HistGB	Lipid	0.757	0.059	0.176
mut_TET2	HistGB	Metabolite	0.7	0.042	0.163
mut_TET2	HistGB	RNA	0.717	0.082	0.123
mut_TET2	NaiveB	ADT	0.765	0.096	0.218
mut_TET2	NaiveB	Cell-comm	0.555	0.021	0.093
mut_TET2	NaiveB	Composition	0.712	0.119	0.151
mut_TET2	NaiveB	GRN	0.65	0.14	0.095
mut_TET2	NaiveB	LSC	0.348	0.106	0.0
mut_TET2	NaiveB	Lipid	0.698	0.097	0.162
mut_TET2	NaiveB	Metabolite	0.657	0.128	0.106
mut_TET2	NaiveB	RNA	0.655	0.055	0.176
mut_TET2	kNN	ADT	0.683	0.061	0.2
mut_TET2	kNN	Cell-comm	0.5	0.0	0.0
mut_TET2	kNN	Composition	0.644	0.1	0.117
mut_TET2	kNN	GRN	0.712	0.09	0.184
mut_TET2	kNN	LSC	0.55	0.064	0.053
mut_TET2	kNN	Lipid	0.61	0.018	0.197
mut_TET2	kNN	Metabolite	0.628	0.074	0.127
mut_TET2	kNN	RNA	0.598	0.049	0.122
mut_TET2	MLP	ADT	0.534	0.125	0.029
mut_TET2	MLP	Cell-comm	0.633	0.034	0.238
mut_TET2	MLP	Composition	0.539	0.121	0.034
mut_TET2	MLP	GRN	0.51	0.129	0.009
mut_TET2	MLP	LSC	0.619	0.059	0.163
mut_TET2	MLP	Lipid	0.654	0.1	0.154
mut_TET2	MLP	Metabolite	0.681	0.023	0.373
mut_TET2	MLP	RNA	0.468	0.056	0.0
mut_TP53	logL2	ADT	0.714	0.077	0.07
mut_TP53	logL2	Cell-comm	0.846	0.072	0.117
mut_TP53	logL2	Composition	0.439	0.125	0.0
mut_TP53	logL2	GRN	0.908	0.036	0.197
mut_TP53	logL2	LSC	0.639	0.087	0.042
mut_TP53	logL2	Lipid	0.959	0.037	0.217
mut_TP53	logL2	Metabolite	0.947	0.064	0.163
mut_TP53	logL2	RNA	0.948	0.045	0.194
mut_TP53	logL1	ADT	0.682	0.05	0.092
mut_TP53	logL1	Cell-comm	0.675	0.108	0.056
mut_TP53	logL1	Composition	0.522	0.078	0.009
mut_TP53	logL1	GRN	0.9	0.035	0.236
mut_TP53	logL1	LSC	0.644	0.082	0.055
mut_TP53	logL1	Lipid	0.882	0.05	0.193
mut_TP53	logL1	Metabolite	0.931	0.08	0.166
mut_TP53	logL1	RNA	0.918	0.058	0.194
mut_TP53	elastic	ADT	0.707	0.086	0.081
mut_TP53	elastic	Cell-comm	0.811	0.143	0.086
mut_TP53	elastic	Composition	0.472	0.146	0.0
mut_TP53	elastic	GRN	0.932	0.034	0.273
mut_TP53	elastic	LSC	0.543	0.034	0.027
mut_TP53	elastic	Lipid	0.911	0.065	0.19
mut_TP53	elastic	Metabolite	0.928	0.088	0.165
mut_TP53	elastic	RNA	0.916	0.075	0.178
mut_TP53	linSVM	ADT	0.704	0.03	0.098
mut_TP53	linSVM	Cell-comm	0.768	0.093	0.073
mut_TP53	linSVM	Composition	0.457	0.069	0.0
mut_TP53	linSVM	GRN	0.733	0.131	0.05
mut_TP53	linSVM	LSC	0.624	0.109	0.03
mut_TP53	linSVM	Lipid	0.973	0.017	0.272
mut_TP53	linSVM	Metabolite	0.964	0.029	0.227
mut_TP53	linSVM	RNA	0.976	0.023	0.251
mut_TP53	shrLDA	ADT	0.736	0.055	0.099
mut_TP53	shrLDA	Cell-comm	0.542	0.059	0.017
mut_TP53	shrLDA	Composition	0.432	0.095	0.0
mut_TP53	shrLDA	GRN	0.833	0.127	0.083
mut_TP53	shrLDA	LSC	0.613	0.087	0.036
mut_TP53	shrLDA	Lipid	0.945	0.033	0.236
mut_TP53	shrLDA	Metabolite	0.926	0.027	0.244
mut_TP53	shrLDA	RNA	0.97	0.022	0.286
mut_TP53	PLS	ADT	0.691	0.057	0.061
mut_TP53	PLS	Cell-comm	0.886	0.053	0.128
mut_TP53	PLS	Composition	0.528	0.132	0.005
mut_TP53	PLS	GRN	0.926	0.03	0.182
mut_TP53	PLS	LSC	0.544	0.08	0.012
mut_TP53	PLS	Lipid	0.968	0.024	0.218
mut_TP53	PLS	Metabolite	0.941	0.043	0.163
mut_TP53	PLS	RNA	0.979	0.021	0.231
mut_TP53	RF	ADT	0.75	0.074	0.159
mut_TP53	RF	Cell-comm	0.79	0.149	0.115
mut_TP53	RF	Composition	0.801	0.114	0.145
mut_TP53	RF	GRN	0.826	0.138	0.136
mut_TP53	RF	LSC	0.532	0.104	0.016
mut_TP53	RF	Lipid	0.862	0.119	0.168
mut_TP53	RF	Metabolite	0.844	0.135	0.146
mut_TP53	RF	RNA	0.799	0.156	0.114
mut_TP53	HistGB	ADT	0.647	0.102	0.066
mut_TP53	HistGB	Cell-comm	0.8	0.065	0.178
mut_TP53	HistGB	Composition	0.724	0.077	0.121
mut_TP53	HistGB	GRN	0.897	0.055	0.258
mut_TP53	HistGB	LSC	0.684	0.118	0.074
mut_TP53	HistGB	Lipid	0.836	0.118	0.136
mut_TP53	HistGB	Metabolite	0.749	0.152	0.084
mut_TP53	HistGB	RNA	0.762	0.168	0.082
mut_TP53	NaiveB	ADT	0.691	0.181	0.099
mut_TP53	NaiveB	Cell-comm	0.678	0.115	0.128
mut_TP53	NaiveB	Composition	0.478	0.051	0.0
mut_TP53	NaiveB	GRN	0.642	0.059	0.155
mut_TP53	NaiveB	LSC	0.52	0.115	0.014
mut_TP53	NaiveB	Lipid	0.775	0.11	0.205
mut_TP53	NaiveB	Metabolite	0.809	0.101	0.245
mut_TP53	NaiveB	RNA	0.684	0.094	0.153
mut_TP53	kNN	ADT	0.757	0.108	0.165
mut_TP53	kNN	Cell-comm	0.5	0.0	0.0
mut_TP53	kNN	Composition	0.635	0.08	0.106
mut_TP53	kNN	GRN	0.799	0.118	0.181
mut_TP53	kNN	LSC	0.535	0.137	0.019
mut_TP53	kNN	Lipid	0.756	0.12	0.154
mut_TP53	kNN	Metabolite	0.819	0.107	0.207
mut_TP53	kNN	RNA	0.774	0.116	0.168
mut_TP53	MLP	ADT	0.734	0.073	0.208
mut_TP53	MLP	Cell-comm	0.774	0.056	0.281
mut_TP53	MLP	Composition	0.484	0.092	0.0
mut_TP53	MLP	GRN	0.676	0.206	0.075
mut_TP53	MLP	LSC	0.614	0.074	0.1
mut_TP53	MLP	Lipid	0.58	0.015	0.134
mut_TP53	MLP	Metabolite	0.855	0.142	0.202
mut_TP53	MLP	RNA	0.384	0.153	0.0
mut_inv(16)_CBFB-MYH11	logL2	ADT	0.977	0.027	0.1
mut_inv(16)_CBFB-MYH11	logL2	Cell-comm	0.995	0.007	0.14
mut_inv(16)_CBFB-MYH11	logL2	Composition	0.966	0.012	0.122
mut_inv(16)_CBFB-MYH11	logL2	GRN	0.996	0.003	0.153
mut_inv(16)_CBFB-MYH11	logL2	LSC	0.575	0.022	0.017
mut_inv(16)_CBFB-MYH11	logL2	Lipid	0.998	0.002	0.156
mut_inv(16)_CBFB-MYH11	logL2	Metabolite	0.996	0.003	0.151
mut_inv(16)_CBFB-MYH11	logL2	RNA	1.0	0.0	0.162
mut_inv(16)_CBFB-MYH11	logL1	ADT	0.983	0.018	0.136
mut_inv(16)_CBFB-MYH11	logL1	Cell-comm	0.851	0.152	0.033
mut_inv(16)_CBFB-MYH11	logL1	Composition	0.949	0.021	0.122
mut_inv(16)_CBFB-MYH11	logL1	GRN	0.996	0.004	0.177
mut_inv(16)_CBFB-MYH11	logL1	LSC	0.517	0.044	0.004
mut_inv(16)_CBFB-MYH11	logL1	Lipid	0.996	0.004	0.178
mut_inv(16)_CBFB-MYH11	logL1	Metabolite	0.997	0.004	0.177
mut_inv(16)_CBFB-MYH11	logL1	RNA	0.993	0.005	0.173
mut_inv(16)_CBFB-MYH11	elastic	ADT	0.985	0.015	0.127
mut_inv(16)_CBFB-MYH11	elastic	Cell-comm	0.987	0.018	0.122
mut_inv(16)_CBFB-MYH11	elastic	Composition	0.956	0.017	0.116
mut_inv(16)_CBFB-MYH11	elastic	GRN	0.996	0.003	0.159
mut_inv(16)_CBFB-MYH11	elastic	LSC	0.516	0.063	0.002
mut_inv(16)_CBFB-MYH11	elastic	Lipid	0.998	0.002	0.163
mut_inv(16)_CBFB-MYH11	elastic	Metabolite	0.996	0.004	0.157
mut_inv(16)_CBFB-MYH11	elastic	RNA	0.994	0.004	0.154
mut_inv(16)_CBFB-MYH11	linSVM	ADT	0.985	0.014	0.141
mut_inv(16)_CBFB-MYH11	linSVM	Cell-comm	0.948	0.02	0.118
mut_inv(16)_CBFB-MYH11	linSVM	Composition	0.958	0.031	0.104
mut_inv(16)_CBFB-MYH11	linSVM	GRN	0.97	0.018	0.127
mut_inv(16)_CBFB-MYH11	linSVM	LSC	0.581	0.021	0.021
mut_inv(16)_CBFB-MYH11	linSVM	Lipid	0.996	0.003	0.174
mut_inv(16)_CBFB-MYH11	linSVM	Metabolite	0.991	0.01	0.151
mut_inv(16)_CBFB-MYH11	linSVM	RNA	0.996	0.006	0.163
mut_inv(16)_CBFB-MYH11	shrLDA	ADT	0.99	0.006	0.166
mut_inv(16)_CBFB-MYH11	shrLDA	Cell-comm	0.667	0.118	0.019
mut_inv(16)_CBFB-MYH11	shrLDA	Composition	0.981	0.011	0.149
mut_inv(16)_CBFB-MYH11	shrLDA	GRN	0.973	0.035	0.104
mut_inv(16)_CBFB-MYH11	shrLDA	LSC	0.579	0.011	0.025
mut_inv(16)_CBFB-MYH11	shrLDA	Lipid	0.997	0.002	0.178
mut_inv(16)_CBFB-MYH11	shrLDA	Metabolite	0.996	0.003	0.178
mut_inv(16)_CBFB-MYH11	shrLDA	RNA	0.999	0.002	0.181
mut_inv(16)_CBFB-MYH11	PLS	ADT	0.986	0.005	0.145
mut_inv(16)_CBFB-MYH11	PLS	Cell-comm	0.992	0.008	0.139
mut_inv(16)_CBFB-MYH11	PLS	Composition	0.956	0.035	0.088
mut_inv(16)_CBFB-MYH11	PLS	GRN	0.996	0.003	0.155
mut_inv(16)_CBFB-MYH11	PLS	LSC	0.463	0.08	0.0
mut_inv(16)_CBFB-MYH11	PLS	Lipid	0.997	0.002	0.156
mut_inv(16)_CBFB-MYH11	PLS	Metabolite	0.996	0.003	0.155
mut_inv(16)_CBFB-MYH11	PLS	RNA	1.0	0.0	0.164
mut_inv(16)_CBFB-MYH11	RF	ADT	0.983	0.024	0.107
mut_inv(16)_CBFB-MYH11	RF	Cell-comm	0.992	0.006	0.145
mut_inv(16)_CBFB-MYH11	RF	Composition	0.988	0.014	0.125
mut_inv(16)_CBFB-MYH11	RF	GRN	0.994	0.005	0.147
mut_inv(16)_CBFB-MYH11	RF	LSC	0.775	0.167	0.021
mut_inv(16)_CBFB-MYH11	RF	Lipid	0.997	0.002	0.157
mut_inv(16)_CBFB-MYH11	RF	Metabolite	0.997	0.004	0.151
mut_inv(16)_CBFB-MYH11	RF	RNA	0.995	0.005	0.147
mut_inv(16)_CBFB-MYH11	HistGB	ADT	0.992	0.009	0.128
mut_inv(16)_CBFB-MYH11	HistGB	Cell-comm	0.997	0.004	0.142
mut_inv(16)_CBFB-MYH11	HistGB	Composition	0.99	0.012	0.122
mut_inv(16)_CBFB-MYH11	HistGB	GRN	0.998	0.002	0.147
mut_inv(16)_CBFB-MYH11	HistGB	LSC	0.799	0.052	0.045
mut_inv(16)_CBFB-MYH11	HistGB	Lipid	0.996	0.003	0.142
mut_inv(16)_CBFB-MYH11	HistGB	Metabolite	0.988	0.007	0.132
mut_inv(16)_CBFB-MYH11	HistGB	RNA	0.997	0.004	0.141
mut_inv(16)_CBFB-MYH11	NaiveB	ADT	0.967	0.032	0.251
mut_inv(16)_CBFB-MYH11	NaiveB	Cell-comm	0.865	0.032	0.195
mut_inv(16)_CBFB-MYH11	NaiveB	Composition	0.736	0.197	0.042
mut_inv(16)_CBFB-MYH11	NaiveB	GRN	0.88	0.167	0.077
mut_inv(16)_CBFB-MYH11	NaiveB	LSC	0.778	0.034	0.146
mut_inv(16)_CBFB-MYH11	NaiveB	Lipid	0.903	0.134	0.097
mut_inv(16)_CBFB-MYH11	NaiveB	Metabolite	0.896	0.129	0.097
mut_inv(16)_CBFB-MYH11	NaiveB	RNA	0.898	0.134	0.095
mut_inv(16)_CBFB-MYH11	kNN	ADT	0.965	0.042	0.116
mut_inv(16)_CBFB-MYH11	kNN	Cell-comm	0.5	0.0	0.0
mut_inv(16)_CBFB-MYH11	kNN	Composition	0.921	0.091	0.069
mut_inv(16)_CBFB-MYH11	kNN	GRN	0.972	0.037	0.126
mut_inv(16)_CBFB-MYH11	kNN	LSC	0.74	0.04	0.061
mut_inv(16)_CBFB-MYH11	kNN	Lipid	1.0	0.0	0.231
mut_inv(16)_CBFB-MYH11	kNN	Metabolite	0.994	0.008	0.197
mut_inv(16)_CBFB-MYH11	kNN	RNA	0.985	0.006	0.199
mut_inv(16)_CBFB-MYH11	MLP	ADT	0.443	0.096	0.0
mut_inv(16)_CBFB-MYH11	MLP	Cell-comm	0.933	0.048	0.294
mut_inv(16)_CBFB-MYH11	MLP	Composition	0.518	0.076	0.01
mut_inv(16)_CBFB-MYH11	MLP	GRN	0.852	0.172	0.106
mut_inv(16)_CBFB-MYH11	MLP	LSC	0.47	0.009	0.0
mut_inv(16)_CBFB-MYH11	MLP	Lipid	0.941	0.031	0.362
mut_inv(16)_CBFB-MYH11	MLP	Metabolite	0.888	0.158	0.125
mut_inv(16)_CBFB-MYH11	MLP	RNA	0.862	0.183	0.104
